Rk,Player,Nation,Pos,Squad,Age,Born,90s,Cmp,Att,Cmp_percentage,TotDist,PrgDist,short_Cmp,short_Att,short_Cmp_percentage,medium_Cmp,medium_Att,medium_Cmp_percentage,Long_Cmp,Long_Att,Long_Cmp_percentage,Ast,xAG,xA,A-xAG,KP,1/3,PPA,CrsPA,PrgP,Matches,-9999
1,Brenden Aaronson,us USA,MFFW,Leeds United,22-200,2000,25.6,575,771,74.6,7361,2137,333,408,81.6,146,189,77.2,25,61,41.0,3,4.2,2.6,-1.2,46,45,16,4,84,Matches,5bc43860
2,Che Adams,sct SCO,FW,Southampton,26-301,1996,22.1,330,498,66.3,4651,1042,205,278,73.7,78,118,66.1,26,37,70.3,3,2.8,2.2,+0.2,24,21,11,2,34,Matches,f2bf1b0f
3,Tyler Adams,us USA,MF,Leeds United,24-085,1999,24.0,1108,1343,82.5,16592,5061,607,686,88.5,390,460,84.8,63,107,58.9,0,1.4,1.0,-1.4,24,110,13,0,136,Matches,2b09d998
4,Tosin Adarabioyo,eng ENG,DF,Fulham,25-228,1997,20.2,903,1112,81.2,19028,7085,221,257,86.0,563,638,88.2,109,188,58.0,0,0.4,0.4,-0.4,6,77,6,0,83,Matches,c81d773d
5,Nayef Aguerd,ma MAR,DF,West Ham,27-041,1996,15.7,504,648,77.8,10289,4500,186,203,91.6,248,289,85.8,65,143,45.5,0,0.4,0.3,-0.4,5,33,4,0,24,Matches,288e1e13
6,Naouirou Ahamada,fr FRA,MFFW,Crystal Palace,21-042,2002,1.0,37,46,80.4,550,179,19,23,82.6,15,17,88.2,1,3,33.3,0,0.1,0.0,-0.1,1,3,0,0,2,Matches,a6c58494
7,Rayan Aït Nouri,dz ALG,DF,Wolves,21-338,2001,11.5,446,552,80.8,6728,2269,255,287,88.9,159,195,81.5,20,32,62.5,0,1.0,0.8,-1.0,7,28,14,5,43,Matches,9b398aea
8,Kristoffer Ajer,no NOR,DF,Brentford,25-023,1998,8.5,259,345,75.1,4480,1887,131,159,82.4,102,128,79.7,23,40,57.5,0,0.0,0.1,0.0,1,20,3,1,31,Matches,a8c0acb7
9,Manuel Akanji,ch SUI,DF,Manchester City,27-295,1995,23.8,1771,1904,93.0,30233,9619,802,835,96.0,840,880,95.5,106,151,70.2,1,0.4,1.0,+0.6,7,126,3,1,103,Matches,89ac64a6
10,Nathan Aké,nl NED,DF,Manchester City,28-081,1995,20.1,1589,1756,90.5,25489,8764,775,816,95.0,725,787,92.1,62,96,64.6,0,0.6,1.3,-0.6,8,156,9,1,139,Matches,eaeca114
11,Marc Albrighton,eng ENG,FWMF,Leicester City,33-173,1989,2.6,89,148,60.1,1440,551,48,60,80.0,23,34,67.6,12,34,35.3,0,0.9,0.4,-0.9,6,6,5,2,7,Matches,b827d5b3
12,Thiago Alcántara,es ESP,MF,Liverpool,32-029,1991,13.9,946,1097,86.2,17219,4988,433,466,92.9,346,392,88.3,136,172,79.1,0,1.1,1.3,-1.1,17,110,20,1,120,Matches,77e84962
13,Carlos Alcaraz,ar ARG,MFFW,Southampton,20-161,2002,8.9,173,227,76.2,2422,534,95,113,84.1,60,70,85.7,5,16,31.3,1,0.5,0.5,+0.5,3,15,5,0,22,Matches,4abac767
14,Trent Alexander-Arnold,eng ENG,DF,Liverpool,24-215,1998,29.5,1972,2620,75.3,37214,14556,908,1018,89.2,738,941,78.4,293,570,51.4,8,10.0,8.1,-2.0,64,211,71,23,213,Matches,cd1acf9d
15,Alisson,br BRA,GK,Liverpool,30-220,1992,35.0,1182,1390,85.0,27631,17776,292,294,99.3,622,631,98.6,264,456,57.9,1,0.3,0.0,+0.7,1,14,0,0,3,Matches,7a2e46a8
16,Dele Alli,eng ENG,MF,Everton,27-029,1996,0.4,12,15,80.0,123,10,6,8,75.0,4,5,80.0,0,0,,0,0.0,0.0,0.0,0,2,0,0,1,Matches,cea4ee8f
17,Miguel Almirón,py PAR,FW,Newcastle Utd,29-089,1994,23.9,703,853,82.4,9459,2363,440,488,90.2,199,247,80.6,26,36,72.2,1,1.8,2.3,-0.8,21,41,26,3,109,Matches,862a1c15
18,Julián Álvarez,ar ARG,FWMF,Manchester City,23-099,2000,12.9,311,400,77.8,4308,730,183,217,84.3,84,107,78.5,20,32,62.5,0,1.5,1.1,-1.5,14,21,11,2,34,Matches,15ab5a2b
19,Daniel Amartey,gh GHA,DF,Leicester City,28-140,1994,17.9,1015,1114,91.1,17506,6591,442,473,93.4,498,526,94.7,62,91,68.1,0,0.5,0.4,-0.5,5,58,1,0,66,Matches,1a4ef233
20,Joachim Andersen,dk DEN,DF,Crystal Palace,26-344,1996,27.9,1333,1702,78.3,31401,12127,297,337,88.1,778,852,91.3,252,479,52.6,0,1.1,0.7,-1.1,10,117,7,1,86,Matches,e34fc66d
21,Elliot Anderson,sct SCO,MFFW,Newcastle Utd,20-185,2002,2.5,86,118,72.9,1228,380,48,58,82.8,30,37,81.1,3,6,50.0,0,0.8,1.0,-0.8,6,9,3,0,14,Matches,de31038e
22,Jaidon Anthony,eng ENG,MFFW,Bournemouth,23-160,1999,12.7,346,470,73.6,5264,1516,197,227,86.8,102,139,73.4,28,52,53.8,1,1.0,1.1,0.0,12,23,18,7,46,Matches,e4238fb1
23,Michail Antonio,jm JAM,FW,West Ham,33-043,1990,19.6,175,332,52.7,2512,463,106,158,67.1,54,104,51.9,11,30,36.7,3,1.3,0.8,+1.7,15,12,8,2,27,Matches,ac05f970
24,Antony,br BRA,FW,Manchester Utd,23-075,2000,17.8,568,714,79.6,7414,1744,387,435,89.0,124,167,74.3,26,45,57.8,1,2.2,2.0,-1.2,24,27,29,2,67,Matches,99127249
25,Cameron Archer,eng ENG,FWMF,Aston Villa,21-293,2001,0.5,8,12,66.7,108,44,5,5,100.0,3,5,60.0,0,0,,0,0.0,0.0,0.0,0,2,0,0,0,Matches,05e8ca6d
26,Alphonse Areola,fr FRA,GK,West Ham,30-072,1993,3.4,67,92,72.8,1737,1323,25,25,100.0,22,22,100.0,19,43,44.2,0,0.0,0.0,0.0,0,0,0,0,0,Matches,2f965a72
27,Joe Aribo,ng NGA,MFFW,Southampton,26-293,1996,12.8,268,369,72.6,3398,898,182,235,77.4,60,81,74.1,9,12,75.0,0,0.8,0.5,-0.8,9,20,9,0,39,Matches,328f7d51
28,Adam Armstrong,eng ENG,FWMF,Southampton,26-089,1997,14.4,217,296,73.3,3203,573,118,142,83.1,70,88,79.5,13,23,56.5,1,1.3,0.8,-0.3,11,12,10,2,16,Matches,68c720b5
29,Stuart Armstrong,sct SCO,MFFW,Southampton,31-041,1992,14.3,501,638,78.5,7650,2082,274,317,86.4,181,215,84.2,29,53,54.7,1,2.2,2.8,-1.2,16,42,31,6,73,Matches,97333cf5
30,Kepa Arrizabalaga,es ESP,GK,Chelsea,28-219,1994,25.5,770,930,82.8,17289,10301,248,250,99.2,348,352,98.9,171,324,52.8,0,0.0,0.0,0.0,0,6,0,0,0,Matches,28d596a0
31,Pierre-Emerick Aubameyang,ga GAB,FW,Chelsea,33-326,1989,6.2,82,111,73.9,1053,203,56,70,80.0,22,26,84.6,2,4,50.0,0,0.4,0.2,-0.4,4,2,2,1,3,Matches,d5dd5f1f
32,Ludwig Augustinsson,se SWE,DF,Aston Villa,29-019,1994,0.9,26,43,60.5,421,176,13,16,81.3,10,16,62.5,2,8,25.0,0,0.0,0.0,0.0,0,0,0,0,0,Matches,9fec8860
33,Serge Aurier,ci CIV,DF,Nott'ham Forest,30-137,1992,18.6,619,871,71.1,9399,4056,347,423,82.0,220,312,70.5,36,81,44.4,0,1.0,0.8,-1.0,10,36,12,6,63,Matches,5c2b4f07
34,Taiwo Awoniyi,ng NGA,FW,Nott'ham Forest,25-271,1997,12.9,128,186,68.8,1528,267,85,113,75.2,32,44,72.7,2,6,33.3,1,1.1,0.3,-0.1,9,5,2,0,11,Matches,e5478b87
35,Yasin Ayari,se SWE,MF,Brighton,19-216,2003,0.2,10,11,90.9,198,94,5,6,83.3,2,2,100.0,3,3,100.0,0,0.1,0.3,-0.1,2,3,1,0,2,Matches,f173303a
36,André Ayew,gh GHA,FWMF,Nott'ham Forest,33-144,1989,3.5,51,71,71.8,671,142,37,45,82.2,13,21,61.9,0,1,0.0,0,0.0,0.0,0.0,1,3,1,0,11,Matches,5dbefa9d
37,Jordan Ayew,gh GHA,FWMF,Crystal Palace,31-241,1991,27.2,604,792,76.3,7836,1549,384,437,87.9,173,227,76.2,15,40,37.5,2,2.7,2.2,-0.7,29,32,14,6,57,Matches,da052c14
38,Luke Ayling,eng ENG,DF,Leeds United,31-258,1991,19.8,693,994,69.7,11065,5657,384,445,86.3,235,327,71.9,56,134,41.8,1,2.0,2.2,-1.0,12,52,16,9,66,Matches,420d7c7d
39,César Azpilicueta,es ESP,DF,Chelsea,33-255,1989,14.0,730,904,80.8,10865,3702,410,444,92.3,292,359,81.3,16,65,24.6,0,1.0,1.1,-1.0,10,35,16,4,62,Matches,53cad200
40,Benoît Badiashile,fr FRA,DF,Chelsea,22-045,2001,9.1,679,762,89.1,12331,4446,260,290,89.7,362,388,93.3,51,72,70.8,0,0.5,0.2,-0.5,3,42,5,0,48,Matches,06df8256
41,Leon Bailey,jm JAM,FWMF,Aston Villa,25-274,1997,19.8,318,510,62.4,5122,1242,176,226,77.9,93,146,63.7,34,71,47.9,3,3.7,4.0,-0.7,26,18,20,15,26,Matches,3a233281
42,Stefan Bajcetic,es ESP,MF,Liverpool,18-200,2004,5.8,200,258,77.5,3227,694,98,118,83.1,74,89,83.1,18,29,62.1,0,0.4,0.5,-0.4,4,17,7,1,24,Matches,32e8417f
43,Patrick Bamford,eng ENG,FW,Leeds United,29-247,1993,15.5,213,307,69.4,2261,506,154,197,78.2,33,58,56.9,2,6,33.3,2,0.9,0.6,+1.1,11,18,9,0,22,Matches,93feac6e
44,Shandon Baptiste,gd GRN,MF,Brentford,25-032,1998,6.4,238,284,83.8,4011,1083,124,139,89.2,87,98,88.8,21,32,65.6,1,1.0,0.5,0.0,9,22,8,2,39,Matches,2886c9b5
45,Harvey Barnes,eng ENG,FWMF,Leicester City,25-152,1997,28.1,507,734,69.1,6625,1816,331,425,77.9,133,200,66.5,16,36,44.4,1,2.9,1.9,-1.9,17,35,28,4,73,Matches,3ea50f67
46,Gavin Bazunu,ie IRL,GK,Southampton,21-079,2002,32.0,718,1178,61.0,21528,16289,183,185,98.9,256,263,97.3,278,722,38.5,0,0.1,0.1,-0.1,1,42,1,0,1,Matches,c91441dc
47,Mads Bech Sørensen,dk DEN,DFMF,Brentford,24-123,1999,0.2,7,11,63.6,142,49,3,3,100.0,3,4,75.0,1,4,25.0,0,0.0,0.0,0.0,0,2,0,0,1,Matches,30db8574
48,Jan Bednarek,pl POL,DF,Southampton,27-028,1996,15.6,646,778,83.0,11984,4841,253,295,85.8,322,354,91.0,64,107,59.8,0,0.1,0.2,-0.1,3,31,1,0,45,Matches,4115ce4e
49,Jan Bednarek,pl POL,DF,Aston Villa,27-028,1996,1.1,60,66,90.9,1249,418,16,17,94.1,33,35,94.3,10,12,83.3,0,0.0,0.0,0.0,0,4,0,0,5,Matches,4115ce4e
50,Donny van de Beek,nl NED,MF,Manchester Utd,26-022,1997,1.9,46,61,75.4,502,115,31,34,91.2,8,8,100.0,1,2,50.0,0,0.1,0.1,-0.1,3,0,4,0,6,Matches,50dc94ce
51,Asmir Begović,ba BIH,GK,Everton,35-324,1987,1.0,21,30,70.0,584,423,3,3,100.0,10,10,100.0,8,17,47.1,0,0.0,0.0,0.0,0,0,0,0,0,Matches,7b4de647
52,Armel Bella Kotchap,de GER,DF,Southampton,21-150,2001,20.9,749,937,79.9,13980,4521,290,325,89.2,384,424,90.6,67,159,42.1,2,1.0,0.5,+1.0,6,32,4,0,39,Matches,a39d11bc
53,Saïd Benrahma,dz ALG,FWMF,West Ham,27-273,1995,22.0,560,745,75.2,7620,2019,352,400,88.0,163,223,73.1,23,59,39.0,3,4.4,3.2,-1.4,46,30,21,11,79,Matches,5a04fd92
54,Rodrigo Bentancur,uy URU,MF,Tottenham,25-319,1997,16.7,738,880,83.9,11482,3178,368,413,89.1,301,336,89.6,39,70,55.7,2,0.8,0.7,+1.2,11,54,9,4,76,Matches,3b8674e6
55,Victor Bernth Kristiansen,dk DEN,DF,Leicester City,20-145,2002,9.9,327,496,65.9,5252,2353,176,209,84.2,124,191,64.9,24,67,35.8,1,0.8,0.6,+0.2,7,29,4,3,31,Matches,505486d6
56,Owen Bevan,wls WAL,DF,Bournemouth,19-196,2003,0.1,2,3,66.7,38,7,1,1,100.0,1,1,100.0,0,0,,0,0.0,0.0,0.0,0,0,0,0,0,Matches,87966294
57,Giulian Biancone,fr FRA,DF,Nott'ham Forest,23-040,2000,0.2,15,21,71.4,253,126,6,7,85.7,8,10,80.0,1,3,33.3,0,0.0,0.0,0.0,0,0,0,0,0,Matches,de40e38c
58,Philip Billing,dk DEN,MFFW,Bournemouth,26-333,1996,29.1,746,974,76.6,10778,2924,423,502,84.3,237,294,80.6,39,83,47.0,1,3.1,2.5,-2.1,24,46,8,3,76,Matches,d328a254
59,Yves Bissouma,ml MLI,MF,Tottenham,26-253,1996,9.0,514,571,90.0,7843,1774,266,281,94.7,208,225,92.4,25,33,75.8,0,0.5,0.3,-0.5,8,40,4,1,45,Matches,6c203af0
60,Willy Boly,ci CIV,DF,Nott'ham Forest,32-096,1991,6.7,183,243,75.3,3472,1595,60,73,82.2,101,119,84.9,18,43,41.9,1,0.2,0.3,+0.8,1,8,0,0,11,Matches,a4ac4b8f
61,Sven Botman,nl NED,DF,Newcastle Utd,23-118,2000,30.7,1345,1567,85.8,27248,9946,422,480,87.9,748,817,91.6,161,237,67.9,0,1.0,1.1,-1.0,8,53,3,1,76,Matches,ccce7025
62,Jarrod Bowen,eng ENG,FWMF,West Ham,26-141,1996,34.6,519,834,62.2,8178,2397,297,367,80.9,158,211,74.9,48,155,31.0,4,6.4,5.2,-2.4,43,38,23,8,69,Matches,79c84d1c
63,James Bree,eng ENG,DF,Southampton,25-211,1997,2.2,85,122,69.7,1275,472,52,67,77.6,21,31,67.7,8,15,53.3,0,0.2,0.2,-0.2,4,4,5,4,3,Matches,c07b7c5c
64,Armando Broja,al ALB,FW,Chelsea,21-242,2001,3.3,33,53,62.3,466,54,21,33,63.6,9,15,60.0,2,3,66.7,0,0.1,0.1,-0.1,1,1,1,0,4,Matches,97220da2
65,David Brooks,wls WAL,FWDF,Bournemouth,25-306,1997,0.4,4,6,66.7,48,9,3,3,100.0,1,1,100.0,0,1,0.0,0,0.0,0.0,0.0,0,1,0,0,0,Matches,dc4cae05
66,Lewis Brunt,eng ENG,DF,Leicester City,22-185,2000,0.3,17,21,81.0,283,57,7,8,87.5,10,11,90.9,0,1,0.0,0,0.0,0.0,0.0,0,0,0,0,0,Matches,a2081c6b
67,Bryan,es ESP,MFFW,Tottenham,22-088,2001,1.6,47,60,78.3,638,92,26,32,81.3,14,16,87.5,2,4,50.0,1,0.2,0.1,+0.8,2,3,2,0,5,Matches,7b5ab7f2
68,Emi Buendía,ar ARG,MFFW,Aston Villa,26-136,1996,25.5,759,984,77.1,11674,2983,419,495,84.6,245,311,78.8,61,86,70.9,2,5.3,3.9,-3.3,39,82,37,0,133,Matches,66b76d44
69,Hugo Bueno,es ESP,DF,Wolves,20-234,2002,13.7,519,643,80.7,7213,2149,331,359,92.2,155,194,79.9,19,50,38.0,1,1.1,0.9,-0.1,15,24,10,6,38,Matches,bfc3b3a0
70,Facundo Buonanotte,ar ARG,FWMF,Brighton,18-138,2004,3.2,89,113,78.8,1283,229,61,69,88.4,18,23,78.3,8,11,72.7,1,0.5,0.2,+0.5,5,4,3,1,5,Matches,468a7a91
71,Dan Burn,eng ENG,DF,Newcastle Utd,31-001,1992,31.4,1196,1524,78.5,19742,7774,581,662,87.8,505,618,81.7,87,172,50.6,0,1.2,1.2,-1.2,14,83,9,1,102,Matches,b2d31e83
72,Cafú,pt POR,MF,Nott'ham Forest,30-073,1993,0.1,2,2,100.0,45,41,0,0,,2,2,100.0,0,0,,0,0.0,0.0,0.0,0,1,0,0,1,Matches,85322440
73,Moisés Caicedo,ec ECU,MF,Brighton,21-189,2001,30.4,1762,1983,88.9,26824,7052,986,1064,92.7,599,660,90.8,118,147,80.3,1,2.5,2.4,-1.5,39,161,32,5,194,Matches,16264a81
74,Tom Cairney,sct SCO,MF,Fulham,32-110,1991,8.5,527,619,85.1,8348,1983,273,296,92.2,187,214,87.4,43,67,64.2,0,1.2,1.3,-1.2,10,61,15,5,74,Matches,a8748947
75,Duje Ćaleta-Car,hr CRO,DF,Southampton,26-235,1996,10.5,480,568,84.5,9398,3504,155,173,89.6,268,289,92.7,53,93,57.0,0,0.0,0.2,0.0,1,26,0,0,33,Matches,94f8d10c
76,Dominic Calvert-Lewin,eng ENG,FW,Everton,26-055,1997,12.0,121,205,59.0,1427,283,77,117,65.8,27,50,54.0,4,6,66.7,1,0.8,0.8,+0.2,9,10,4,0,14,Matches,59e6e5bf
77,Chem Campbell,wls WAL,FWMF,Wolves,20-131,2002,0.8,23,32,71.9,344,64,10,11,90.9,13,14,92.9,0,5,0.0,0,0.0,0.0,0.0,0,2,0,0,4,Matches,6f711f67
78,João Cancelo,pt POR,DF,Manchester City,28-348,1994,14.2,1036,1220,84.9,16674,4147,578,621,93.1,363,430,84.4,81,123,65.9,1,0.9,1.5,+0.1,12,80,36,9,106,Matches,bd6351cd
79,Thomas Cannon,ie IRL,FW,Everton,20-133,2002,0.3,4,5,80.0,37,0,3,4,75.0,1,1,100.0,0,0,,0,0.5,0.0,-0.5,1,0,0,0,0,Matches,4506aec5
80,Sergi Canós,es ESP,FWDF,Brentford,26-097,1997,0.9,23,43,53.5,268,76,14,18,77.8,4,15,26.7,1,2,50.0,0,0.0,0.0,0.0,1,2,1,0,2,Matches,1137759d
81,Diego Carlos,br BRA,DF,Aston Villa,30-056,1993,2.3,112,142,78.9,2338,881,35,41,85.4,60,71,84.5,17,28,60.7,0,0.0,0.1,0.0,1,9,1,0,11,Matches,b4a014b1
82,Fabio Carvalho,pt POR,MFFW,Liverpool,20-253,2002,3.8,114,139,82.0,1526,270,70,81,86.4,30,37,81.1,5,6,83.3,0,0.1,0.2,-0.1,1,7,2,0,11,Matches,966e28d0
83,Casemiro,br BRA,MF,Manchester Utd,31-076,1992,19.9,935,1213,77.1,16577,5968,431,513,84.0,378,460,82.2,105,175,60.0,3,2.5,3.4,+0.5,22,108,20,4,121,Matches,4d224fe8
84,Matty Cash,pl POL,DF,Aston Villa,25-276,1997,18.2,733,939,78.1,12836,4308,327,364,89.8,339,411,82.5,57,125,45.6,1,0.7,0.9,+0.3,8,55,15,9,74,Matches,2389cdc2
85,Timothy Castagne,be BEL,DF,Leicester City,27-156,1995,33.2,1393,1736,80.2,20031,7912,853,953,89.5,439,548,80.1,59,122,48.4,3,2.6,2.2,+0.4,22,84,20,10,103,Matches,197640fd
86,Jonny Castro,es ESP,DF,Wolves,29-068,1994,14.0,701,832,84.3,11101,3638,382,419,91.2,264,305,86.6,44,62,71.0,0,1.0,0.8,-1.0,5,60,10,2,70,Matches,e28868f3
87,Julio César Enciso,py PAR,FWMF,Brighton,19-107,2004,5.9,129,177,72.9,1598,373,90,115,78.3,35,46,76.1,1,6,16.7,2,1.2,0.9,+0.8,10,13,8,0,21,Matches,9cfbad36
88,Nathaniel Chalobah,eng ENG,MF,Fulham,28-149,1994,0.1,4,5,80.0,67,9,2,2,100.0,2,2,100.0,0,0,,0,0.0,0.0,0.0,0,1,0,0,0,Matches,422862ea
89,Trevoh Chalobah,eng ENG,DF,Chelsea,23-309,1999,14.4,831,941,88.3,14876,4344,323,361,89.5,445,479,92.9,56,80,70.0,0,0.2,0.3,-0.2,2,54,3,1,59,Matches,5515376c
90,Calum Chambers,eng ENG,DFMF,Aston Villa,28-110,1995,3.9,157,207,75.8,2924,1310,66,76,86.8,77,94,81.9,14,31,45.2,0,0.3,0.2,-0.3,2,9,2,1,16,Matches,dc6f5bdd
91,Ben Chilwell,eng ENG,DFMF,Chelsea,26-140,1996,15.6,762,977,78.0,10963,3238,469,507,92.5,223,284,78.5,42,123,34.1,2,2.2,2.4,-0.2,21,42,10,7,41,Matches,d2424d1b
92,Ryan Christie,sct SCO,MFFW,Bournemouth,28-077,1995,18.3,459,578,79.4,7382,1771,242,285,84.9,157,176,89.2,42,75,56.0,1,2.2,1.9,-1.2,26,41,17,2,62,Matches,26ce2263
93,Carney Chukwuemeka,eng ENG,MFFW,Chelsea,19-202,2003,2.6,98,117,83.8,1240,297,70,82,85.4,15,19,78.9,5,5,100.0,0,0.1,0.1,-0.1,3,6,4,2,12,Matches,b2f9c73e
94,Bobby Clark,eng ENG,MF,Liverpool,18-092,2005,0.1,1,1,100.0,29,17,0,0,,1,1,100.0,0,0,,0,0.0,0.1,0.0,0,0,1,0,1,Matches,73341ace
95,Nathaniel Clyne,eng ENG,DF,Crystal Palace,32-035,1991,18.2,654,832,78.6,10205,3887,341,386,88.3,283,346,81.8,24,73,32.9,0,0.7,0.6,-0.7,7,51,6,5,52,Matches,0442183b
96,Conor Coady,eng ENG,DF,Everton,30-074,1993,21.9,972,1149,84.6,20673,7966,268,286,93.7,548,588,93.2,148,257,57.6,1,0.3,0.5,+0.7,4,71,3,1,40,Matches,2928dca2
97,Jack Colback,eng ENG,MF,Nott'ham Forest,33-198,1989,5.5,119,143,83.2,1936,446,61,71,85.9,48,55,87.3,8,11,72.7,0,0.2,0.2,-0.2,2,12,3,1,16,Matches,963a9201
98,Séamus Coleman,ie IRL,DF,Everton,34-211,1988,18.4,597,789,75.7,9624,3826,306,350,87.4,237,299,79.3,42,99,42.4,0,0.9,0.9,-0.9,4,35,18,7,61,Matches,0420d84f
99,Nathan Collins,ie IRL,DF,Wolves,22-010,2001,18.2,917,1036,88.5,18527,6430,270,297,90.9,520,555,93.7,110,158,69.6,0,0.1,0.2,-0.1,2,65,2,0,60,Matches,a8c19eb8
100,Levi Colwill,eng ENG,DF,Brighton,20-073,2003,9.6,741,835,88.7,12897,5206,307,333,92.2,369,405,91.1,54,73,74.0,0,0.2,0.2,-0.2,3,58,3,0,55,Matches,700783e7
101,Lewis Cook,eng ENG,MF,Bournemouth,26-096,1997,18.0,547,695,78.7,9163,2858,266,303,87.8,218,252,86.5,47,88,53.4,2,2.5,2.3,-0.5,24,53,12,9,58,Matches,2afc7272
102,Steve Cook,eng ENG,DF,Nott'ham Forest,32-021,1991,10.6,369,459,80.4,7884,2511,80,99,80.8,234,261,89.7,51,91,56.0,0,0.6,0.6,-0.6,3,18,2,1,19,Matches,3e5e4e63
103,Liam Cooper,sct SCO,DF,Leeds United,31-253,1991,14.8,572,729,78.5,10626,4247,222,253,87.7,293,348,84.2,49,108,45.4,0,0.7,0.3,-0.7,5,45,1,1,40,Matches,dc64b8b3
104,Maxwel Cornet,ci CIV,FW,West Ham,26-225,1996,1.9,44,61,72.1,588,112,28,34,82.4,13,17,76.5,1,1,100.0,0,0.1,0.1,-0.1,1,2,1,1,4,Matches,beb391dd
105,Diego Costa,es ESP,FW,Wolves,34-215,1988,12.7,137,194,70.6,1572,273,81,104,77.9,38,47,80.9,1,4,25.0,0,0.7,0.7,-0.7,11,9,4,0,13,Matches,a190d597
106,Vladimír Coufal,cz CZE,DF,West Ham,30-261,1992,21.7,643,1050,61.2,11335,5835,303,368,82.3,249,395,63.0,73,205,35.6,1,2.2,1.6,-1.2,22,64,17,12,79,Matches,fdf3cb77
107,Philippe Coutinho,br BRA,MFFW,Aston Villa,30-332,1992,8.8,288,384,75.0,4081,976,180,210,85.7,82,112,73.2,17,36,47.2,0,0.5,0.8,-0.5,8,30,8,2,48,Matches,0ef89a37
108,Conor Coventry,ie IRL,MFFW,West Ham,23-046,2000,0.0,0,0,,0,0,0,0,,0,0,,0,0,,0,0.0,0.0,0.0,0,0,0,0,0,Matches,a5ca9127
109,Aaron Cresswell,eng ENG,DF,West Ham,33-146,1989,24.1,1081,1394,77.5,17573,8318,603,646,93.3,365,474,77.0,99,201,49.3,1,3.7,2.8,-2.7,40,86,28,15,142,Matches,4f974391
110,Marc Cucurella,es ESP,DF,Chelsea,24-292,1998,18.6,1090,1293,84.3,16587,5116,600,647,92.7,396,453,87.4,59,110,53.6,2,0.6,0.9,+1.4,11,77,12,6,73,Matches,1daec722
111,Matheus Cunha,br BRA,FW,Wolves,23-348,1999,10.0,160,217,73.7,1968,321,98,121,81.0,35,49,71.4,8,16,50.0,0,0.5,0.2,-0.5,6,5,2,0,13,Matches,dc62b55d
112,Patson Daka,zm ZAM,FW,Leicester City,24-213,1998,12.5,179,269,66.5,2366,422,108,143,75.5,52,77,67.5,6,10,60.0,4,2.8,1.7,+1.2,17,7,8,1,17,Matches,ca45605e
113,Diogo Dalot,pt POR,DF,Manchester Utd,24-053,1999,22.9,1105,1397,79.1,20225,6207,448,503,89.1,530,624,84.9,111,202,55.0,2,1.9,1.5,+0.1,29,80,28,13,92,Matches,d9565625
114,Mikkel Damsgaard,dk DEN,MFFW,Brentford,22-311,2000,8.9,223,330,67.6,3186,1101,127,154,82.5,72,106,67.9,13,36,36.1,0,1.0,1.0,-1.0,10,31,8,1,33,Matches,215f3907
115,Danilo,br BRA,MF,Nott'ham Forest,22-011,2001,9.1,144,217,66.4,2456,943,75,90,83.3,52,70,74.3,15,32,46.9,2,0.6,0.6,+1.4,7,22,7,0,33,Matches,a816dbfb
116,Arnaut Danjuma,nl NED,FWMF,Tottenham,26-099,1997,1.0,15,28,53.6,217,40,10,15,66.7,3,5,60.0,2,2,100.0,0,0.0,0.0,0.0,1,0,2,2,0,Matches,f08490a6
117,Josh Dasilva,eng ENG,MF,Brentford,24-199,1998,15.0,473,593,79.8,7794,1833,243,277,87.7,184,212,86.8,37,66,56.1,2,1.5,1.5,+0.5,12,33,23,5,60,Matches,60344e4f
118,Ben Davies,wls WAL,DF,Tottenham,30-016,1993,22.5,944,1159,81.4,15732,5335,453,507,89.3,399,463,86.2,66,123,53.7,2,2.3,1.3,-0.3,18,72,6,3,101,Matches,44781702
119,Tom Davies,eng ENG,MF,Everton,24-314,1998,6.0,173,234,73.9,2879,850,87,111,78.4,64,76,84.2,16,29,55.2,0,0.2,0.3,-0.2,2,25,2,0,30,Matches,9228b07c
120,Craig Dawson,eng ENG,DF,West Ham,33-004,1990,8.0,245,310,79.0,5404,2170,74,86,86.0,121,137,88.3,48,79,60.8,0,0.1,0.1,-0.1,1,25,0,0,18,Matches,3e9e06cb
121,Craig Dawson,eng ENG,DF,Wolves,33-004,1990,13.7,677,805,84.1,14046,4717,196,218,89.9,373,404,92.3,101,163,62.0,0,0.0,0.1,0.0,1,46,1,0,38,Matches,3e9e06cb
122,Kevin De Bruyne,be BEL,MF,Manchester City,31-316,1991,26.1,1157,1586,73.0,21562,6378,522,617,84.6,463,613,75.5,156,271,57.6,16,13.7,13.9,+2.3,95,124,93,19,241,Matches,e46012d4
123,Siriki Dembélé,ci CIV,FWMF,Bournemouth,26-245,1996,1.2,37,47,78.7,543,223,22,29,75.9,10,13,76.9,2,2,100.0,0,0.3,0.2,-0.3,4,2,3,2,4,Matches,11f54bd5
124,Leander Dendoncker,be BEL,MF,Aston Villa,28-025,1995,7.7,247,281,87.9,3932,804,119,128,93.0,110,120,91.7,11,16,68.8,0,0.5,0.1,-0.5,5,16,0,0,17,Matches,5a7301ae
125,Leander Dendoncker,be BEL,MF,Wolves,28-025,1995,2.4,86,99,86.9,1466,282,45,50,90.0,32,32,100.0,8,8,100.0,0,0.0,0.0,0.0,2,4,1,1,6,Matches,5a7301ae
126,Emmanuel Dennis,ng NGA,FWMF,Nott'ham Forest,25-176,1997,7.8,120,177,67.8,1798,372,71,90,78.9,37,55,67.3,8,11,72.7,2,0.6,0.4,+1.4,7,7,4,2,16,Matches,2c44a35d
127,Halil Dervişoğlu,tr TUR,MF,Brentford,23-153,1999,0.1,0,0,,0,0,0,0,,0,0,,0,0,,0,0.0,0.0,0.0,0,0,0,0,0,Matches,9d8cf204
128,Kiernan Dewsbury-Hall,eng ENG,MF,Leicester City,24-246,1998,24.8,838,1114,75.2,14005,3668,426,501,85.0,303,380,79.7,81,157,51.6,2,3.1,2.5,-1.1,38,110,22,4,129,Matches,5c74c0f5
129,Ibrahima Diallo,fr FRA,MF,Southampton,24-063,1999,9.1,317,402,78.9,4768,1064,181,206,87.9,112,139,80.6,16,34,47.1,0,0.1,0.1,-0.1,4,24,2,0,28,Matches,11ff3d56
130,Rúben Dias,pt POR,DF,Manchester City,25-361,1997,21.2,1836,1983,92.6,33816,12026,667,697,95.7,1017,1064,95.6,137,194,70.6,0,0.6,0.3,-0.6,3,130,0,0,95,Matches,31c69ef1
131,Luis Díaz,co COL,FW,Liverpool,26-117,1997,9.1,299,366,81.7,4517,899,171,204,83.8,104,122,85.2,17,19,89.5,2,1.3,1.1,+0.7,10,21,8,1,39,Matches,4a1a9578
132,Eric Dier,eng ENG,DF,Tottenham,29-115,1994,31.3,1708,2001,85.4,32594,12717,636,688,92.4,866,934,92.7,179,317,56.5,1,1.2,0.6,-0.2,7,76,8,3,87,Matches,ac861941
133,Lucas Digne,fr FRA,DF,Aston Villa,29-294,1993,15.1,655,864,75.8,10316,3909,368,410,89.8,231,312,74.0,45,94,47.9,0,1.8,1.7,-1.8,17,35,22,14,52,Matches,1b84dbe1
134,Issa Diop,fr FRA,DF,Fulham,26-121,1997,19.4,1047,1218,86.0,20946,6782,317,354,89.5,622,671,92.7,105,179,58.7,0,0.0,0.2,0.0,1,65,3,0,63,Matches,a712ca2b
135,Moussa Djenepo,ml MLI,DFFW,Southampton,24-329,1998,7.7,169,232,72.8,2470,736,99,113,87.6,56,79,70.9,8,20,40.0,2,0.5,0.4,+1.5,8,13,5,3,18,Matches,254147d4
136,Ben Doak,sct SCO,FW,Liverpool,17-180,2005,0.3,10,14,71.4,86,17,9,10,90.0,0,1,0.0,0,1,0.0,0,0.0,0.0,0.0,0,0,0,0,1,Matches,733f1a7d
137,Matt Doherty,ie IRL,DFMF,Tottenham,31-114,1992,7.4,329,408,80.6,4896,1222,190,204,93.1,107,137,78.1,18,35,51.4,0,0.3,0.3,-0.3,6,14,5,3,20,Matches,d557d734
138,Gabriel Dos Santos,br BRA,DF,Arsenal,25-142,1997,34.9,1984,2218,89.4,35345,12712,803,851,94.4,1021,1083,94.3,138,228,60.5,0,0.2,0.6,-0.2,4,156,3,0,145,Matches,67ac5bb8
139,Abdoulaye Doucouré,ml MLI,MF,Everton,30-129,1993,14.0,376,474,79.3,4947,1164,226,272,83.1,126,149,84.6,5,10,50.0,2,2.0,0.9,0.0,19,26,10,0,35,Matches,02b29014
140,Cheick Doucouré,ml MLI,MF,Crystal Palace,23-122,2000,28.1,932,1128,82.6,15595,4937,441,494,89.3,401,467,85.9,70,97,72.2,3,1.9,1.1,+1.1,25,99,10,1,128,Matches,ce4f40c7
141,Flynn Downes,eng ENG,MF,West Ham,24-110,1999,6.5,180,216,83.3,2407,517,120,129,93.0,45,55,81.8,7,11,63.6,0,0.0,0.1,0.0,1,12,1,0,15,Matches,69fdb896
142,Cody Drameh,eng ENG,DF,Leeds United,21-153,2001,0.8,30,38,78.9,457,153,17,21,81.0,11,12,91.7,2,5,40.0,0,0.0,0.0,0.0,0,2,0,0,2,Matches,e0d1510a
143,Martin Dúbravka,sk SVK,GK,Newcastle Utd,34-115,1989,0.7,19,22,86.4,418,293,9,9,100.0,4,4,100.0,5,8,62.5,0,0.0,0.0,0.0,0,1,0,0,0,Matches,3a949a25
144,Shane Duffy,ie IRL,DFFW,Fulham,31-129,1992,0.2,16,20,80.0,308,61,5,5,100.0,9,10,90.0,2,4,50.0,0,0.0,0.0,0.0,0,0,0,0,0,Matches,7314bba4
145,Lewis Dunk,eng ENG,DF,Brighton,31-170,1991,33.0,2658,2944,90.3,50424,18723,956,1011,94.6,1395,1465,95.2,267,404,66.1,0,1.0,0.9,-1.0,9,168,9,1,150,Matches,282f75f3
146,Jhon Durán,co COL,FWMF,Aston Villa,19-148,2003,1.2,14,24,58.3,243,40,6,8,75.0,7,11,63.6,1,2,50.0,0,0.0,0.0,0.0,1,1,1,0,4,Matches,414184f7
147,Malcolm Ebiowei,eng ENG,MFFW,Crystal Palace,19-248,2003,0.4,5,10,50.0,98,16,2,4,50.0,2,2,100.0,1,2,50.0,0,0.0,0.0,0.0,0,0,0,0,2,Matches,fa9fa773
148,Ederson,br BRA,GK,Manchester City,29-266,1993,33.0,1009,1174,85.9,24562,16074,221,223,99.1,529,536,98.7,258,411,62.8,1,0.2,0.2,+0.8,1,13,0,0,0,Matches,3bb7b8b4
149,Odsonne Édouard,fr FRA,FW,Crystal Palace,25-114,1998,18.0,270,376,71.8,3054,493,192,239,80.3,51,81,63.0,5,10,50.0,2,1.1,0.7,+0.9,15,9,9,0,32,Matches,0562b7f1
150,Samuel Edozie,eng ENG,FWMF,Southampton,20-102,2003,6.3,111,164,67.7,1348,354,75,93,80.6,22,34,64.7,5,10,50.0,0,0.4,0.4,-0.4,8,6,6,1,13,Matches,007414dd
151,Anthony Elanga,se SWE,FW,Manchester Utd,21-013,2002,4.7,95,130,73.1,1201,298,65,86,75.6,23,32,71.9,3,3,100.0,1,0.9,1.0,+0.1,6,3,3,0,8,Matches,2fba6108
152,Harvey Elliott,eng ENG,MFFW,Liverpool,20-036,2003,17.4,776,968,80.2,11685,2997,432,482,89.6,277,342,81.0,41,79,51.9,2,3.3,4.3,-1.3,23,65,38,6,127,Matches,c8387671
153,Mohamed Elneny,eg EGY,MF,Arsenal,30-303,1992,1.3,57,60,95.0,1031,224,23,23,100.0,27,29,93.1,6,6,100.0,0,0.0,0.0,0.0,0,3,2,0,2,Matches,47a34c4f
154,Mohamed Elyounoussi,no NOR,MFFW,Southampton,28-279,1994,22.4,401,597,67.2,5619,1562,256,327,78.3,103,158,65.2,26,52,50.0,1,2.1,1.6,-1.1,18,29,18,6,47,Matches,68dc0dac
155,Emerson,br BRA,DF,Tottenham,24-116,1999,16.5,714,890,80.2,11348,3236,366,409,89.5,278,323,86.1,46,81,56.8,1,0.6,1.0,+0.4,9,46,16,3,71,Matches,df8b52a5
156,Christian Eriksen,dk DEN,MF,Manchester Utd,31-085,1992,19.9,1054,1308,80.6,17481,5331,543,606,89.6,384,452,85.0,94,180,52.2,7,3.8,2.9,+3.2,31,130,23,4,143,Matches,980522ec
157,Pervis Estupiñán,ec ECU,DF,Brighton,25-109,1998,25.2,1386,1682,82.4,19906,6133,823,906,90.8,469,566,82.9,52,95,54.7,4,4.1,2.9,-0.1,43,88,35,14,138,Matches,d38fdf53
158,Jonny Evans,nir NIR,DF,Leicester City,35-127,1988,9.0,603,675,89.3,12088,4606,172,186,92.5,361,381,94.8,64,91,70.3,0,0.0,0.1,0.0,1,40,1,0,31,Matches,f8fcd2a5
159,Eberechi Eze,eng ENG,MFFW,Crystal Palace,24-315,1998,26.3,822,1049,78.4,12481,3512,477,544,87.7,252,308,81.8,62,135,45.9,3,3.9,2.8,-0.9,52,76,30,2,111,Matches,ae4fc6a4
160,Łukasz Fabiański,pl POL,GK,West Ham,38-022,1985,31.6,537,845,63.6,17260,13770,103,103,100.0,197,200,98.5,235,537,43.8,0,0.0,0.0,0.0,0,12,0,0,0,Matches,9328b835
161,Fabinho,br BRA,MF,Liverpool,29-199,1993,27.2,1471,1666,88.3,23748,5547,746,804,92.8,563,609,92.4,116,167,69.5,1,1.9,1.7,-0.9,15,116,13,0,141,Matches,7f3b388c
162,Wout Faes,be BEL,DF,Leicester City,25-037,1998,28.0,1486,1739,85.5,27528,9654,546,604,90.4,818,895,91.4,110,207,53.1,2,0.6,0.6,+1.4,9,69,5,0,72,Matches,9c221d14
163,Felipe,br BRA,DF,Nott'ham Forest,33-359,1989,13.9,389,538,72.3,7565,3080,146,175,83.4,192,233,82.4,45,104,43.3,1,0.5,0.8,+0.5,5,14,2,0,20,Matches,51a3c4c8
164,João Félix,pt POR,FWMF,Chelsea,23-181,1999,9.0,236,309,76.4,3531,1002,147,168,87.5,63,87,72.4,19,35,54.3,0,0.5,0.9,-0.5,7,27,14,1,41,Matches,8aafd64f
165,Evan Ferguson,ie IRL,FW,Brighton,18-203,2004,7.2,138,172,80.2,1789,245,97,115,84.3,34,41,82.9,4,6,66.7,2,0.5,0.5,+1.5,8,2,5,0,8,Matches,4596da74
166,Bruno Fernandes,pt POR,MFFW,Manchester Utd,28-244,1994,33.0,1344,1819,73.9,22966,8009,688,808,85.1,445,565,78.8,166,301,55.1,7,14.6,9.5,-7.6,103,131,74,9,231,Matches,507c7bdf
167,Enzo Fernández,ar ARG,MF,Chelsea,22-113,2001,13.2,955,1083,88.2,18259,5303,387,421,91.9,404,449,90.0,144,176,81.8,2,1.5,1.5,+0.5,13,122,15,0,119,Matches,5ff4ab71
168,Roberto Firmino,br BRA,FWMF,Liverpool,31-220,1991,12.6,426,540,78.9,5731,1847,263,307,85.7,119,148,80.4,18,26,69.2,4,2.3,1.9,+1.7,20,45,18,1,76,Matches,4c370d81
169,Junior Firpo,es ESP,DF,Leeds United,26-261,1996,13.9,424,572,74.1,6665,3017,216,260,83.1,185,232,79.7,18,49,36.7,1,0.8,0.7,+0.2,8,35,7,3,48,Matches,24f59bb2
170,Phil Foden,eng ENG,FW,Manchester City,22-347,2000,16.9,730,915,79.8,11177,1946,418,463,90.3,236,283,83.4,46,93,49.5,6,3.4,3.5,+2.6,35,29,29,9,67,Matches,ed1e53f3
171,Datro Fofana,ci CIV,FW,Chelsea,20-139,2002,0.7,4,6,66.7,53,28,2,3,66.7,2,2,100.0,0,0,,0,0.1,0.1,-0.1,2,0,1,0,1,Matches,e82900ef
172,Wesley Fofana,fr FRA,DF,Leicester City,22-144,2000,2.0,117,140,83.6,1995,559,44,44,100.0,64,74,86.5,6,13,46.2,0,0.0,0.0,0.0,0,16,0,0,6,Matches,132a82f1
173,Wesley Fofana,fr FRA,DF,Chelsea,22-144,2000,10.6,615,691,89.0,10061,2470,285,303,94.1,303,330,91.8,18,39,46.2,0,0.0,0.3,0.0,1,44,2,0,36,Matches,132a82f1
174,Pablo Fornals,es ESP,FWMF,West Ham,27-077,1996,14.1,456,640,71.3,7654,2221,223,258,86.4,163,219,74.4,51,108,47.2,1,1.5,1.8,-0.5,14,48,8,4,64,Matches,82927de4
175,Adam Forshaw,eng ENG,MF,Leeds United,31-214,1991,3.1,90,111,81.1,1415,493,49,52,94.2,21,24,87.5,13,23,56.5,0,0.5,0.3,-0.5,2,12,1,0,14,Matches,9f1938ab
176,Fraser Forster,eng ENG,GK,Tottenham,35-054,1988,10.5,209,272,76.8,4833,3034,66,66,100.0,97,97,100.0,45,106,42.5,0,0.0,0.0,0.0,0,2,0,0,0,Matches,c3e39f12
177,Tyrese Francois,au AUS,FW,Fulham,22-298,2000,0.0,2,2,100.0,12,2,1,1,100.0,0,0,,0,0,,0,0.0,0.0,0.0,0,1,0,0,0,Matches,6722d4f0
178,Ryan Fraser,sct SCO,FW,Newcastle Utd,29-075,1994,3.5,85,122,69.7,1228,289,50,59,84.7,28,41,68.3,3,8,37.5,0,0.4,0.3,-0.4,5,4,4,1,9,Matches,d56543a0
179,Fred,br BRA,MF,Manchester Utd,30-066,1993,12.8,553,705,78.4,8483,2418,304,352,86.4,179,215,83.3,43,70,61.4,1,2.1,1.3,-1.1,23,54,10,2,67,Matches,b853e0ad
180,Ryan Fredericks,eng ENG,DF,Bournemouth,30-212,1992,5.9,149,220,67.7,2139,735,85,96,88.5,55,88,62.5,4,15,26.7,0,0.1,0.3,-0.1,1,5,6,1,15,Matches,c067631c
181,Remo Freuler,ch SUI,MF,Nott'ham Forest,31-025,1992,24.0,664,836,79.4,9828,3216,371,429,86.5,238,285,83.5,30,66,45.5,0,0.8,0.7,-0.8,12,47,6,3,54,Matches,98d2c2c4
182,Cody Gakpo,nl NED,FW,Liverpool,24-003,1999,13.8,247,332,74.4,3236,887,144,182,79.1,75,98,76.5,7,15,46.7,2,1.7,1.3,+0.3,17,25,10,1,38,Matches,1971591f
183,Conor Gallagher,eng ENG,MFFW,Chelsea,23-093,2000,14.6,577,722,79.9,8723,2101,323,365,88.5,203,243,83.5,28,53,52.8,1,2.3,1.6,-1.3,21,58,16,5,88,Matches,c2731c10
184,Idrissa Gana Gueye,sn SEN,MF,Everton,33-226,1989,26.1,956,1138,84.0,15191,3966,487,538,90.5,393,443,88.7,53,97,54.6,1,1.1,0.8,-0.1,11,100,5,0,87,Matches,72c812f3
185,Alejandro Garnacho,es ESP,FWMF,Manchester Utd,18-313,2004,5.0,115,143,80.4,1327,143,87,102,85.3,20,21,95.2,2,2,100.0,2,1.0,0.9,+1.0,2,1,1,0,5,Matches,7aa8adfe
186,James Garner,eng ENG,MF,Everton,22-058,2001,6.1,172,235,73.2,2621,801,92,107,86.0,67,80,83.8,7,32,21.9,1,0.2,0.3,+0.8,4,13,4,2,23,Matches,4e015693
187,David de Gea,es ESP,GK,Manchester Utd,32-184,1990,34.0,788,1105,71.3,20626,14753,181,181,100.0,363,370,98.1,239,543,44.0,0,0.1,0.2,-0.1,1,6,1,0,0,Matches,7ba6d84e
188,Joe Gelhardt,eng ENG,FW,Leeds United,21-006,2002,2.4,43,67,64.2,518,118,23,30,76.7,11,17,64.7,2,2,100.0,2,0.5,0.4,+1.5,2,3,1,0,6,Matches,01962d0d
189,Saman Ghoddos,ir IRN,MFDF,Brentford,29-246,1993,1.5,54,73,74.0,886,265,29,32,90.6,19,23,82.6,6,17,35.3,0,0.4,0.3,-0.4,3,3,1,0,6,Matches,f7b1d4e0
190,Morgan Gibbs-White,eng ENG,FWMF,Wolves,23-103,2000,2.0,75,95,78.9,1122,345,47,58,81.0,17,21,81.0,7,9,77.8,0,0.1,0.2,-0.1,1,10,1,0,12,Matches,32f60ed8
191,Morgan Gibbs-White,eng ENG,MFFW,Nott'ham Forest,23-103,2000,30.0,626,1013,61.8,10077,3703,335,446,75.1,191,271,70.5,73,204,35.8,7,7.9,6.0,-0.9,62,69,40,5,129,Matches,32f60ed8
192,Billy Gilmour,sct SCO,MF,Brighton,21-333,2001,3.8,271,298,90.9,4455,1103,130,140,92.9,115,120,95.8,21,29,72.4,0,0.1,0.6,-0.1,1,23,6,0,30,Matches,df10e27c
193,Degnand Gnonto,it ITA,FWMF,Leeds United,19-186,2003,14.1,342,477,71.7,4425,1135,216,254,85.0,93,124,75.0,10,20,50.0,4,2.1,2.1,+1.9,20,12,16,4,32,Matches,75fdd638
194,Ben Godfrey,eng ENG,DF,Everton,25-115,1998,8.9,182,281,64.8,3067,1252,90,111,81.1,73,111,65.8,16,41,39.0,1,0.2,0.1,+0.8,3,24,1,1,19,Matches,9f7c837d
195,João Gomes,br BRA,MF,Wolves,22-087,2001,5.3,184,242,76.0,2732,638,105,123,85.4,64,87,73.6,9,17,52.9,0,0.2,0.1,-0.2,5,12,0,0,15,Matches,8b57ad2c
196,Toti Gomes,pt POR,DF,Wolves,24-114,1999,9.0,355,434,81.8,6015,2142,161,191,84.3,165,185,89.2,23,47,48.9,0,0.2,0.2,-0.2,3,21,6,2,21,Matches,f0caab96
197,Joe Gomez,eng ENG,DF,Liverpool,25-352,1997,15.3,1086,1275,85.2,21777,7062,311,352,88.4,640,697,91.8,118,187,63.1,0,0.2,0.7,-0.2,1,116,4,0,103,Matches,7a11550b
198,Sergio Gómez,es ESP,DFMF,Manchester City,22-248,2000,1.9,133,153,86.9,1991,557,71,77,92.2,49,54,90.7,7,10,70.0,1,0.4,0.2,+0.6,2,13,2,0,10,Matches,01e5f06e
199,Anthony Gordon,eng ENG,FWMF,Newcastle Utd,22-075,2001,4.4,144,175,82.3,1959,468,95,105,90.5,39,46,84.8,5,10,50.0,0,0.8,0.8,-0.8,5,11,4,0,14,Matches,2bd83368
200,Anthony Gordon,eng ENG,FW,Everton,22-075,2001,12.2,193,280,68.9,2905,625,110,135,81.5,66,89,74.2,11,27,40.7,0,0.6,0.5,-0.6,8,8,11,2,19,Matches,2bd83368
201,Demarai Gray,eng ENG,FWMF,Everton,26-316,1996,26.2,549,795,69.1,9298,2061,272,307,88.6,187,247,75.7,66,168,39.3,1,3.7,3.7,-2.7,35,30,17,6,45,Matches,4468ec10
202,Jack Grealish,eng ENG,FW,Manchester City,27-242,1995,22.7,898,1067,84.2,13204,2574,537,586,91.6,293,335,87.5,41,66,62.1,7,7.0,6.7,0.0,50,28,48,2,100,Matches,b0b4fd3e
203,Sam Greenwood,eng ENG,MFFW,Leeds United,21-104,2002,4.1,101,166,60.8,1848,837,52,60,86.7,26,50,52.0,20,50,40.0,2,1.1,1.0,+0.9,13,14,1,0,14,Matches,f3354c07
204,Pascal Groß,de GER,MFDF,Brighton,31-329,1991,31.2,1661,2089,79.5,26765,7706,868,953,91.1,608,724,84.0,131,287,45.6,6,9.5,8.0,-3.5,71,138,62,12,232,Matches,8aec0537
205,Vicente Guaita,es ESP,GK,Crystal Palace,36-120,1987,27.0,610,845,72.2,15748,10443,159,161,98.8,258,263,98.1,182,405,44.9,0,0.0,0.0,0.0,0,3,0,0,1,Matches,ab13a5aa
206,Gonçalo Guedes,pt POR,FWMF,Wolves,26-162,1996,7.9,138,201,68.7,2297,526,82,97,84.5,40,56,71.4,13,26,50.0,1,0.5,0.5,+0.5,9,11,8,2,16,Matches,e6bc67d7
207,Marc Guéhi,eng ENG,DF,Crystal Palace,22-301,2000,34.0,1658,1954,84.9,33733,12812,509,557,91.4,956,1029,92.9,184,339,54.3,0,0.3,0.6,-0.3,8,124,2,0,95,Matches,d0706b27
208,Bruno Guimarães,br BRA,MF,Newcastle Utd,25-175,1997,26.3,1177,1421,82.8,20569,5732,558,629,88.7,447,515,86.8,134,189,70.9,5,3.8,3.3,+1.2,36,125,40,2,184,Matches,82518f62
209,İlkay Gündoğan,de GER,MF,Manchester City,32-198,1990,24.3,1259,1451,86.8,19645,4592,677,745,90.9,458,508,90.2,89,118,75.4,3,3.0,4.0,0.0,34,136,35,1,164,Matches,819b3158
210,Darko Gyabi,eng ENG,FW,Leeds United,19-081,2004,0.1,4,4,100.0,72,17,1,1,100.0,3,3,100.0,0,0,,0,0.0,0.0,0.0,0,0,0,0,2,Matches,56d838f7
211,Erling Haaland,no NOR,FW,Manchester City,22-293,2000,28.7,341,471,72.4,4180,887,204,256,79.7,98,130,75.4,6,8,75.0,7,4.8,2.9,+2.2,27,14,22,0,57,Matches,1f44ac21
212,Lewis Hall,eng ENG,DFMF,Chelsea,18-244,2004,3.4,147,195,75.4,2592,748,79,92,85.9,52,68,76.5,16,26,61.5,0,0.3,0.2,-0.3,4,10,3,1,9,Matches,da011f18
213,Luke Harris,wls WAL,MFFW,Fulham,18-037,2005,0.1,13,14,92.9,172,25,9,9,100.0,4,5,80.0,0,0,,0,0.0,0.0,0.0,0,1,0,0,1,Matches,8c3078cd
214,Jack Harrison,eng ENG,FWMF,Leeds United,26-171,1996,27.7,672,1064,63.2,9749,3698,405,503,80.5,176,294,59.9,52,148,35.1,7,4.9,4.7,+2.1,50,48,43,16,90,Matches,aa849a12
215,Kai Havertz,de GER,FWMF,Chelsea,23-333,1999,26.1,643,798,80.6,8163,1582,407,487,83.6,171,193,88.6,19,26,73.1,1,3.4,2.5,-2.4,35,43,23,2,75,Matches,fed7cb61
216,Jan Paul van Hecke,nl NED,DF,Brighton,22-336,2000,1.0,96,101,95.0,1944,477,21,22,95.5,70,72,97.2,5,6,83.3,0,0.0,0.0,0.0,0,13,0,0,10,Matches,4fd08daa
217,Hwang Hee-chan,kr KOR,FWMF,Wolves,27-104,1996,10.5,173,229,75.5,2469,533,103,124,83.1,55,68,80.9,8,12,66.7,1,1.0,0.5,0.0,9,8,7,1,23,Matches,169fd162
218,Dean Henderson,eng ENG,GK,Nott'ham Forest,26-059,1997,18.0,425,671,63.3,12543,8838,80,80,100.0,186,188,98.9,159,400,39.8,0,0.0,0.0,0.0,0,11,1,0,0,Matches,e5a76dfe
219,Jordan Henderson,eng ENG,MF,Liverpool,32-327,1990,21.1,1232,1487,82.9,20581,5442,613,675,90.8,471,547,86.1,112,179,62.6,2,2.9,3.2,-0.9,27,146,42,10,175,Matches,935e6b8f
220,Wayne Hennessey,wls WAL,GK,Nott'ham Forest,36-106,1987,2.0,45,56,80.4,1510,1133,3,3,100.0,22,22,100.0,20,31,64.5,0,0.0,0.0,0.0,0,2,0,0,0,Matches,76eca7e2
221,Rico Henry,eng ENG,DF,Brentford,25-306,1997,33.0,776,1079,71.9,12379,4298,419,490,85.5,272,369,73.7,64,150,42.7,2,2.5,2.6,-0.5,21,67,34,12,98,Matches,8a3c1dc7
222,Son Heung-min,kr KOR,MFFW,Tottenham,30-306,1992,29.3,607,827,73.4,8323,2303,367,432,85.0,167,223,74.9,33,84,39.3,5,5.6,3.9,-0.6,55,30,30,5,73,Matches,92e7e919
223,Aaron Hickey,sct SCO,DF,Brentford,20-334,2002,18.6,600,726,82.6,9326,2792,332,368,90.2,223,261,85.4,35,66,53.0,0,0.2,0.5,-0.2,3,56,11,4,74,Matches,1780bb4a
224,Joseph Hodge,ie IRL,MF,Wolves,20-238,2002,1.9,69,87,79.3,1067,354,41,45,91.1,19,22,86.4,5,7,71.4,0,0.1,0.0,-0.1,1,7,1,0,7,Matches,bd8a5d95
225,Rob Holding,eng ENG,DF,Arsenal,27-232,1995,6.3,382,442,86.4,7494,2701,141,152,92.8,191,207,92.3,46,69,66.7,0,0.0,0.1,0.0,0,23,1,0,24,Matches,d79a8c87
226,Mason Holgate,eng ENG,DF,Everton,26-200,1996,4.9,135,201,67.2,2641,764,50,61,82.0,64,79,81.0,19,52,36.5,0,0.3,0.2,-0.3,5,11,2,1,12,Matches,d0042ab9
227,Will Hughes,eng ENG,MF,Crystal Palace,28-023,1995,6.5,210,273,76.9,2959,896,124,143,86.7,69,89,77.5,10,22,45.5,1,0.9,0.5,+0.1,5,19,5,0,22,Matches,a0666d3e
228,Omari Hutchinson,eng ENG,FW,Chelsea,19-192,2003,0.3,8,12,66.7,109,4,6,7,85.7,1,1,100.0,1,2,50.0,0,0.0,0.0,0.0,0,0,0,0,0,Matches,bd9553e6
229,Pierre Højbjerg,dk DEN,MF,Tottenham,27-278,1995,33.8,1974,2238,88.2,35517,9522,873,946,92.3,798,876,91.1,237,308,76.9,5,2.8,3.1,+2.2,29,204,34,5,232,Matches,8b04d6c1
230,Kelechi Iheanacho,ng NGA,FWMF,Leicester City,26-219,1996,11.2,200,278,71.9,2629,562,135,167,80.8,43,55,78.2,10,21,47.6,4,3.5,1.7,+0.5,18,18,8,0,24,Matches,c92e1a31
231,Danny Ings,eng ENG,FW,West Ham,30-291,1992,6.4,57,93,61.3,677,184,38,56,67.9,8,14,57.1,3,9,33.3,0,0.2,0.2,-0.2,2,7,0,0,6,Matches,07802f7f
232,Danny Ings,eng ENG,FW,Aston Villa,30-291,1992,9.2,114,162,70.4,1371,289,76,97,78.4,27,34,79.4,3,12,25.0,0,1.2,0.6,-1.2,9,7,4,0,12,Matches,07802f7f
233,Alexander Isak,se SWE,FW,Newcastle Utd,23-231,1999,13.0,197,265,74.3,3123,734,102,135,75.6,63,77,81.8,19,22,86.4,1,2.1,1.2,-1.1,15,25,12,0,35,Matches,8e92be30
234,Daniel Iversen,dk DEN,GK,Leicester City,25-295,1997,9.0,164,283,58.0,3842,2612,56,56,100.0,75,76,98.7,32,147,21.8,0,0.0,0.0,0.0,0,4,0,0,0,Matches,10d221cd
235,Alex Iwobi,ng NGA,MFFW,Everton,27-007,1996,34.5,1070,1425,75.1,18779,6145,509,604,84.3,398,507,78.5,127,206,61.7,7,5.9,4.0,+1.1,61,125,57,14,178,Matches,6ca5ec4b
236,Daniel James,wls WAL,FW,Leeds United,25-181,1997,2.2,24,40,60.0,256,66,18,22,81.8,5,10,50.0,0,3,0.0,0,0.3,0.3,-0.3,1,1,3,1,3,Matches,c931d9f9
237,Daniel James,wls WAL,FW,Fulham,25-181,1997,6.8,117,183,63.9,1490,303,79,96,82.3,26,43,60.5,3,12,25.0,1,0.7,0.4,+0.3,7,2,7,2,15,Matches,c931d9f9
238,Reece James,eng ENG,DFMF,Chelsea,23-153,1999,13.8,891,1051,84.8,14345,4119,468,499,93.8,337,395,85.3,67,109,61.5,1,3.0,2.9,-2.0,21,60,24,6,90,Matches,1265a93a
239,Vitaly Janelt,de GER,MFDF,Brentford,25-000,1998,21.5,706,899,78.5,12417,3567,361,413,87.4,248,305,81.3,85,130,65.4,1,1.3,1.3,-0.3,14,65,17,7,76,Matches,8449d35e
240,Pontus Jansson,se SWE,DF,Brentford,32-086,1991,8.0,257,321,80.1,5004,1738,81,98,82.7,147,167,88.0,28,45,62.2,0,0.0,0.1,0.0,0,11,0,0,14,Matches,172e52d8
241,Mathias Jensen,dk DEN,MF,Brentford,27-129,1996,29.6,1005,1458,68.9,20017,7760,439,525,83.6,360,507,71.0,179,349,51.3,5,4.5,4.5,+0.5,45,107,36,16,129,Matches,0f134faf
242,Gabriel Jesus,br BRA,FW,Arsenal,26-037,1997,20.1,500,621,80.5,7569,1517,266,312,85.3,182,207,87.9,26,41,63.4,5,3.3,2.4,+1.7,27,29,20,1,59,Matches,b66315ae
243,Raúl Jiménez,mx MEX,FW,Wolves,32-005,1991,8.3,122,172,70.9,1602,337,79,100,79.0,27,40,67.5,8,15,53.3,1,1.7,0.5,-0.7,8,8,7,1,13,Matches,b561db50
244,Joelinton,br BRA,MFFW,Newcastle Utd,26-269,1996,27.6,971,1188,81.7,14272,3776,544,624,87.2,321,371,86.5,55,70,78.6,1,2.3,1.8,-1.3,24,75,18,3,119,Matches,c17bfb65
245,Ben Johnson,eng ENG,DF,West Ham,23-106,2000,8.6,355,481,73.8,6255,2265,158,182,86.8,159,193,82.4,31,78,39.7,0,0.2,0.4,-0.2,3,24,9,4,37,Matches,9319781b
246,Brennan Johnson,wls WAL,FWMF,Nott'ham Forest,21-352,2001,31.4,283,491,57.6,4103,808,151,216,69.9,99,172,57.6,15,34,44.1,3,3.2,1.9,-0.2,28,12,18,6,30,Matches,0cd31129
247,Sam Johnstone,eng ENG,GK,Crystal Palace,30-046,1993,6.0,141,199,70.9,3637,2351,24,24,100.0,80,81,98.8,37,93,39.8,0,0.0,0.0,0.0,0,2,0,0,0,Matches,9e5708be
248,Curtis Jones,eng ENG,MF,Liverpool,22-100,2001,9.3,489,544,89.9,7267,1548,271,290,93.4,184,195,94.4,20,26,76.9,1,0.9,1.1,+0.1,10,40,11,1,56,Matches,4fb9c88f
249,Jorginho,it ITA,MF,Arsenal,31-141,1991,6.8,453,526,86.1,7475,2182,204,227,89.9,204,228,89.5,32,46,69.6,1,0.2,0.5,+0.8,5,54,10,0,70,Matches,45db685d
250,Jorginho,it ITA,MF,Chelsea,31-141,1991,14.2,749,884,84.7,11991,3508,379,421,90.0,301,348,86.5,51,74,68.9,0,0.4,0.4,-0.4,7,87,9,0,80,Matches,45db685d
251,Mateo Joseph,eng ENG,FWMF,Leeds United,19-203,2003,0.3,2,3,66.7,13,0,1,2,50.0,0,0,,0,0,,0,0.0,0.0,0.0,0,0,0,0,0,Matches,6ad43f9a
252,Diogo Jota,pt POR,FW,Liverpool,26-157,1996,11.1,252,340,74.1,3375,777,155,195,79.5,71,92,77.2,9,18,50.0,4,2.1,1.6,+1.9,17,25,7,1,28,Matches,178ae8f8
253,Hamed Junior Traorè,ci CIV,FWMF,Bournemouth,23-083,2000,4.7,109,178,61.2,1850,775,55,72,76.4,35,56,62.5,13,33,39.4,0,1.1,1.1,-1.1,14,11,10,3,26,Matches,570bb4b9
254,James Justin,eng ENG,DF,Leicester City,25-076,1998,13.9,667,819,81.4,10404,3063,371,408,90.9,239,282,84.8,39,81,48.1,0,0.3,0.5,-0.3,7,48,12,7,47,Matches,fb614c44
255,Mathias Jørgensen,dk DEN,DF,Brentford,33-017,1990,11.1,359,453,79.2,6109,2756,161,182,88.5,176,217,81.1,17,44,38.6,0,0.1,0.1,-0.1,1,29,0,0,33,Matches,0db5d2c8
256,Sasa Kalajdzic,at AUT,FW,Wolves,25-307,1997,0.5,2,4,50.0,26,0,1,2,50.0,1,1,100.0,0,0,,0,0.0,0.0,0.0,0,0,0,0,0,Matches,15f24fe7
257,Boubacar Kamara,fr FRA,MF,Aston Villa,23-168,1999,17.5,747,881,84.8,12309,3633,370,413,89.6,280,308,90.9,65,91,71.4,1,0.8,0.7,+0.2,7,58,6,0,80,Matches,cc77354e
258,Harry Kane,eng ENG,FW,Tottenham,29-286,1993,34.8,579,833,69.5,11062,3983,263,338,77.8,206,263,78.3,93,150,62.0,3,6.8,3.8,-3.8,55,90,46,6,169,Matches,21a66f6a
259,N'Golo Kanté,fr FRA,MF,Chelsea,32-042,1991,5.8,271,338,80.2,3935,1033,168,190,88.4,84,100,84.0,12,24,50.0,1,1.9,0.8,-0.9,13,23,11,3,34,Matches,b9fbae28
260,Michael Keane,eng ENG,DF,Everton,30-119,1993,10.3,276,399,69.2,5372,2703,97,125,77.6,139,168,82.7,37,87,42.5,1,0.3,0.2,+0.7,2,30,0,0,27,Matches,c5b7c315
261,Neeskens Kebano,cd COD,FW,Fulham,31-061,1992,8.3,153,208,73.6,2061,515,91,104,87.5,43,58,74.1,6,12,50.0,3,1.5,0.9,+1.5,13,2,9,3,24,Matches,18b999f4
262,Thilo Kehrer,de GER,DF,West Ham,26-231,1996,23.3,856,1033,82.9,15010,5473,367,419,87.6,417,469,88.9,62,111,55.9,2,0.6,0.8,+1.4,8,55,4,1,56,Matches,51dbeea9
263,Naby Keïta,gn GUI,MF,Liverpool,28-089,1995,3.3,129,168,76.8,1820,590,75,87,86.2,43,54,79.6,6,8,75.0,0,0.7,0.2,-0.7,8,15,2,0,15,Matches,f25c8e3a
264,Lloyd Kelly,eng ENG,DF,Bournemouth,24-216,1998,19.7,773,967,79.9,14687,6064,278,309,90.0,393,437,89.9,87,185,47.0,2,0.4,0.7,+1.6,6,66,7,2,39,Matches,f31def1e
265,Max Kilman,eng ENG,DF,Wolves,25-352,1997,35.0,1659,1996,83.1,32888,11716,548,594,92.3,912,988,92.3,179,362,49.4,0,0.1,0.6,-0.1,2,126,7,2,118,Matches,d0f72bf1
266,Jakub Kiwior,pl POL,DF,Arsenal,23-084,2000,2.2,84,93,90.3,1521,427,23,24,95.8,52,54,96.3,6,10,60.0,0,0.0,0.0,0.0,0,1,0,0,1,Matches,dc3e663e
267,Mateusz Klich,pl POL,MFFW,Leeds United,32-331,1990,3.1,108,148,73.0,1411,387,61,69,88.4,28,34,82.4,5,17,29.4,0,0.2,0.2,-0.2,5,6,5,0,16,Matches,282679b4
268,Robin Koch,de GER,DF,Leeds United,26-297,1996,32.3,1161,1502,77.3,22672,10245,372,441,84.4,646,745,86.7,129,267,48.3,0,0.1,0.3,-0.1,2,109,5,0,97,Matches,ea6bc03a
269,Ibrahima Konaté,fr FRA,DF,Liverpool,23-350,1999,15.2,891,1016,87.7,15915,6299,347,381,91.1,476,519,91.7,53,95,55.8,0,0.1,0.7,-0.1,1,47,2,0,51,Matches,5ed9b537
270,Ezri Konsa,eng ENG,DF,Aston Villa,25-199,1997,33.9,1578,1783,88.5,28817,9727,571,623,91.7,881,939,93.8,112,187,59.9,0,1.3,0.7,-1.3,8,68,4,2,54,Matches,0313a347
271,Kalidou Koulibaly,sn SEN,DF,Chelsea,31-324,1991,19.9,1270,1465,86.7,22340,8984,561,595,94.3,593,650,91.2,96,175,54.9,1,0.4,0.4,+0.6,7,83,9,1,81,Matches,da974c7b
272,Cheikhou Kouyaté,sn SEN,MF,Nott'ham Forest,33-140,1989,9.3,174,233,74.7,2696,763,87,117,74.4,55,66,83.3,17,23,73.9,0,0.7,0.3,-0.7,6,11,2,0,18,Matches,8d3c902d
273,Mateo Kovačić,hr CRO,MF,Chelsea,29-004,1994,18.2,1086,1267,85.7,17889,5439,529,586,90.3,453,502,90.2,75,118,63.6,2,2.1,2.0,-0.1,23,151,23,1,150,Matches,79c0821a
274,Emil Krafth,se SWE,DF,Newcastle Utd,28-281,1994,0.0,0,0,,0,0,0,0,,0,0,,0,0,,0,0.0,0.0,0.0,0,0,0,0,0,Matches,77cf6852
275,Dejan Kulusevski,se SWE,MFFW,Tottenham,23-015,2000,21.1,532,681,78.1,7460,1830,321,374,85.8,165,205,80.5,24,47,51.1,6,4.1,4.5,+1.9,41,14,32,11,59,Matches,df3cda47
276,Layvin Kurzawa,fr FRA,DF,Fulham,30-248,1992,1.5,28,41,68.3,408,135,12,13,92.3,14,19,73.7,0,3,0.0,0,0.0,0.0,0.0,0,1,1,1,2,Matches,41e7ef1c
277,Adam Lallana,eng ENG,MFFW,Brighton,35-000,1988,8.0,262,317,82.6,3033,656,173,194,89.2,57,74,77.0,6,9,66.7,1,1.0,1.2,0.0,14,23,9,1,33,Matches,99813635
278,Tariq Lamptey,gh GHA,DF,Brighton,22-222,2000,5.0,239,302,79.1,3509,854,130,149,87.2,96,116,82.8,5,21,23.8,0,0.2,0.7,-0.2,4,14,8,5,26,Matches,f4e433d4
279,Manuel Lanzini,ar ARG,MFFW,West Ham,30-084,1993,1.7,83,100,83.0,1280,295,42,50,84.0,32,35,91.4,5,9,55.6,0,0.0,0.1,0.0,0,7,2,0,14,Matches,26f6dca8
280,Aymeric Laporte,es ESP,DF,Manchester City,28-348,1994,8.2,651,704,92.5,10514,3144,339,356,95.2,264,281,94.0,38,51,74.5,0,0.2,0.4,-0.2,4,65,6,0,66,Matches,119b9a8e
281,Juan Larios,es ESP,DF,Southampton,19-118,2004,1.7,63,82,76.8,881,326,40,46,87.0,21,27,77.8,2,4,50.0,0,0.0,0.0,0.0,0,5,0,0,4,Matches,cf7fb13a
282,Jamaal Lascelles,eng ENG,DF,Newcastle Utd,29-180,1993,2.4,79,93,84.9,1445,580,29,34,85.3,40,44,90.9,7,11,63.6,0,0.0,0.0,0.0,0,4,0,0,3,Matches,450ab6fc
283,Roméo Lavia,be BEL,MF,Southampton,19-124,2004,22.1,786,913,86.1,13640,3643,349,386,90.4,359,392,91.6,64,87,73.6,0,0.6,0.6,-0.6,16,92,9,0,97,Matches,ecad9aa5
284,Dexter Lembikisa,jm JAM,DF,Wolves,19-187,2003,0.3,10,13,76.9,180,73,5,5,100.0,5,5,100.0,0,0,,0,0.0,0.0,0.0,0,2,0,0,3,Matches,0bdda685
285,Mario Lemina,ga GAB,MF,Wolves,29-251,1993,12.4,465,539,86.3,8229,2304,201,225,89.3,214,233,91.8,43,61,70.5,1,0.3,0.4,+0.7,3,29,5,1,38,Matches,2b471f99
286,Clément Lenglet,fr FRA,DF,Tottenham,27-327,1995,19.4,1101,1265,87.0,20453,7365,420,433,97.0,554,609,91.0,110,186,59.1,2,0.6,0.8,+1.4,6,70,10,5,76,Matches,4f28a6ff
287,Bernd Leno,de GER,GK,Fulham,31-067,1992,33.0,984,1251,78.7,24128,14673,207,207,100.0,570,574,99.3,205,466,44.0,0,0.0,0.0,0.0,1,11,0,0,0,Matches,2628fd2b
288,Jefferson Lerma,co COL,MF,Bournemouth,28-197,1994,33.1,1180,1453,81.2,18519,6653,609,698,87.2,466,538,86.6,68,135,50.4,0,2.2,2.9,-2.2,17,114,23,2,132,Matches,9b5ce51a
289,Jamal Lewis,nir NIR,DF,Newcastle Utd,25-105,1998,0.1,10,12,83.3,163,71,2,2,100.0,7,8,87.5,0,0,,0,0.0,0.0,0.0,0,0,0,0,1,Matches,efb9215a
290,Rico Lewis,eng ENG,DFMF,Manchester City,18-170,2004,7.0,478,518,92.3,6956,1135,290,304,95.4,162,173,93.6,15,19,78.9,0,1.2,1.2,-1.2,8,33,8,3,42,Matches,b57e066e
291,Keane Lewis-Potter,eng ENG,FWMF,Brentford,22-077,2001,3.6,49,86,57.0,600,118,33,50,66.0,12,17,70.6,1,10,10.0,1,1.2,0.3,-0.2,5,2,3,1,6,Matches,41f08ac8
292,Victor Lindelöf,se SWE,DF,Manchester Utd,28-297,1994,11.2,657,707,92.9,11770,3669,224,240,93.3,382,394,97.0,39,57,68.4,0,0.0,0.1,0.0,0,26,1,0,27,Matches,f5deef4c
293,Jesse Lingard,eng ENG,FWMF,Nott'ham Forest,30-146,1992,10.3,236,297,79.5,3558,897,121,137,88.3,88,104,84.6,14,28,50.0,0,0.7,0.5,-0.7,11,27,7,1,33,Matches,810e3c74
294,Diego Llorente,es ESP,DF,Leeds United,29-267,1993,7.2,356,429,83.0,6969,2284,118,130,90.8,203,228,89.0,33,59,55.9,0,0.0,0.0,0.0,0,17,0,0,27,Matches,bba30585
295,Hugo Lloris,fr FRA,GK,Tottenham,36-135,1986,24.5,561,728,77.1,13442,8398,174,177,98.3,241,242,99.6,146,305,47.9,0,0.0,0.0,0.0,0,13,0,0,0,Matches,8f62b6ee
296,Renan Lodi,br BRA,DF,Nott'ham Forest,25-032,1998,22.1,556,829,67.1,9657,3220,262,311,84.2,233,325,71.7,50,143,35.0,0,0.7,0.9,-0.7,9,25,13,7,30,Matches,ed9f7cfe
297,Ruben Loftus-Cheek,eng ENG,MFDF,Chelsea,27-107,1996,14.9,678,798,85.0,10036,2518,407,458,88.9,229,256,89.5,29,37,78.4,0,1.3,1.6,-1.3,12,69,14,1,74,Matches,e97fd090
298,Sean Longstaff,eng ENG,MF,Newcastle Utd,25-192,1997,27.0,899,1113,80.8,14770,4111,449,515,87.2,344,397,86.6,76,124,61.3,4,3.3,2.5,+0.7,22,77,20,5,112,Matches,a2b105e0
299,Jamal Lowe,jm JAM,MFFW,Bournemouth,28-293,1994,0.1,2,4,50.0,18,3,1,1,100.0,0,0,,0,1,0.0,0,0.0,0.0,0.0,0,0,1,0,1,Matches,b2856bc0
300,Douglas Luiz,br BRA,MF,Aston Villa,25-001,1998,29.6,1370,1657,82.7,24146,5767,567,630,90.0,605,697,86.8,141,246,57.3,5,3.8,2.6,+1.2,40,105,17,3,131,Matches,6f7d826d
301,Saša Lukić,rs SRB,MF,Fulham,26-270,1996,3.7,164,187,87.7,2747,529,72,80,90.0,81,89,91.0,10,14,71.4,0,0.0,0.1,0.0,0,18,1,0,11,Matches,c6e8cf1f
302,Lyanco,br BRA,DF,Southampton,26-098,1997,10.1,320,456,70.2,6075,2177,119,138,86.2,155,205,75.6,35,93,37.6,0,0.4,0.1,-0.4,3,29,3,1,31,Matches,b5bf1770
303,Alexis Mac Allister,ar ARG,MF,Brighton,24-137,1998,28.2,1415,1640,86.3,22419,5585,755,827,91.3,527,579,91.0,94,134,70.1,1,3.7,3.9,-2.7,38,134,28,1,155,Matches,83d074ff
304,James Maddison,eng ENG,MFFW,Leicester City,26-168,1996,25.1,771,1049,73.5,13211,4002,375,435,86.2,283,372,76.1,86,169,50.9,9,9.2,5.5,-0.2,67,108,26,3,144,Matches,ee38d9c5
305,Noni Madueke,eng ENG,FW,Chelsea,21-061,2002,4.2,134,173,77.5,1778,420,82,96,85.4,40,53,75.5,5,8,62.5,0,0.3,0.3,-0.3,7,7,7,0,21,Matches,bf34eebd
306,Harry Maguire,eng ENG,DF,Manchester Utd,30-066,1993,7.4,439,514,85.4,8864,2656,134,148,90.5,243,269,90.3,55,87,63.2,0,0.0,0.1,0.0,1,29,0,0,24,Matches,d8931174
307,Riyad Mahrez,dz ALG,FWMF,Manchester City,32-078,1991,17.5,828,1001,82.7,13762,2381,425,474,89.7,317,369,85.9,73,120,60.8,9,6.5,4.7,+2.5,45,34,30,6,66,Matches,892d5bb1
308,Kobbie Mainoo,eng ENG,MF,Manchester Utd,18-021,2005,0.1,7,8,87.5,83,31,5,6,83.3,2,2,100.0,0,0,,0,0.0,0.1,0.0,0,1,1,0,1,Matches,c6220452
309,Ainsley Maitland-Niles,eng ENG,DFMF,Southampton,25-254,1997,14.7,542,686,79.0,9011,3124,270,313,86.3,210,254,82.7,49,82,59.8,0,0.7,0.7,-0.7,10,52,12,5,55,Matches,e3a5814e
310,Tyrell Malacia,nl NED,DF,Manchester Utd,23-266,1999,14.0,629,731,86.0,9224,2642,390,420,92.9,179,204,87.7,35,60,58.3,0,0.4,0.5,-0.4,6,34,5,0,39,Matches,6b6c793c
311,Orel Mangala,be BEL,MF,Nott'ham Forest,25-053,1998,14.4,374,466,80.3,5620,1551,208,236,88.1,136,163,83.4,20,39,51.3,0,0.1,0.1,-0.1,2,31,2,0,34,Matches,a572e291
312,Javier Manquillo,es ESP,DF,Newcastle Utd,29-005,1994,0.4,23,27,85.2,381,114,13,14,92.9,8,10,80.0,2,2,100.0,0,0.0,0.0,0.0,0,1,0,0,4,Matches,758dd7f0
313,Sekou Mara,fr FRA,FWMF,Southampton,20-284,2002,5.8,66,101,65.3,858,162,42,55,76.4,14,17,82.4,4,7,57.1,2,0.8,0.3,+1.2,6,6,2,0,7,Matches,3544641e
314,Solly March,eng ENG,FWDF,Brighton,28-294,1994,30.2,951,1312,72.5,17051,4026,443,526,84.2,367,481,76.3,113,208,54.3,7,8.4,6.3,-1.4,67,63,52,15,135,Matches,bb5fbd2b
315,Emiliano Marcondes,dk DEN,MF,Bournemouth,28-062,1995,0.1,1,1,100.0,56,37,0,0,,0,0,,1,1,100.0,0,0.0,0.0,0.0,0,1,0,0,1,Matches,4d960fc3
316,Marquinhos,br BRA,MF,Arsenal,20-033,2003,0.0,2,3,66.7,34,5,1,2,50.0,1,1,100.0,0,0,,0,0.0,0.0,0.0,0,0,0,0,0,Matches,59878425
317,Anthony Martial,fr FRA,FW,Manchester Utd,27-156,1995,8.5,205,248,82.7,2549,740,139,155,89.7,48,57,84.2,6,11,54.5,2,1.3,1.3,+0.7,9,13,10,0,29,Matches,8b788c01
318,Martinelli,br BRA,FW,Arsenal,21-326,2001,30.8,831,1104,75.3,12936,2607,445,525,84.8,295,356,82.9,61,122,50.0,5,9.1,7.0,-4.1,59,33,43,10,94,Matches,48a5a5d6
319,Emiliano Martínez,ar ARG,GK,Aston Villa,30-250,1992,31.9,948,1256,75.5,24934,16403,196,197,99.5,489,495,98.8,261,556,46.9,0,0.3,0.3,-0.3,2,17,0,0,0,Matches,7956236f
320,Lisandro Martínez,ar ARG,DF,Manchester Utd,25-112,1998,23.5,1330,1528,87.0,23895,8188,532,568,93.7,683,728,93.8,96,193,49.7,0,0.3,1.0,-0.3,6,92,5,0,83,Matches,bac46a10
321,Pape Matar Sarr,sn SEN,MF,Tottenham,20-238,2002,2.2,129,141,91.5,1928,380,64,67,95.5,56,59,94.9,3,7,42.9,0,0.0,0.0,0.0,1,8,0,0,11,Matches,feb5d972
322,Jean-Philippe Mateta,fr FRA,FW,Crystal Palace,25-316,1997,8.2,98,142,69.0,1118,139,66,88,75.0,19,27,70.4,3,4,75.0,0,0.6,0.1,-0.6,5,4,0,0,6,Matches,50e6dc35
323,Joël Matip,cm CMR,DF,Liverpool,31-275,1991,11.1,705,816,86.4,12796,4255,276,315,87.6,363,394,92.1,57,84,67.9,0,0.3,0.4,-0.3,3,47,7,0,55,Matches,b217ef29
324,Neal Maupay,fr FRA,FW,Everton,26-269,1996,11.8,180,241,74.7,2371,198,117,142,82.4,48,61,78.7,6,8,75.0,0,0.6,0.2,-0.6,7,7,2,0,10,Matches,4bcf39f6
325,Kevin Mbabu,ch SUI,DFFW,Fulham,28-021,1995,1.6,68,94,72.3,1051,383,40,43,93.0,24,35,68.6,4,9,44.4,1,0.4,0.4,+0.6,2,4,5,3,8,Matches,493924a7
326,Bryan Mbeumo,cm CMR,FW,Brentford,23-276,1999,29.3,584,893,65.4,9318,2847,333,408,81.6,167,262,63.7,63,133,47.4,6,6.1,4.7,-0.1,45,31,42,13,80,Matches,6afaebf2
327,James McArthur,sct SCO,MF,Crystal Palace,35-215,1987,0.2,17,22,77.3,244,37,9,11,81.8,7,8,87.5,1,2,50.0,0,0.0,0.0,0.0,0,0,0,0,0,Matches,cee31595
328,Alex McCarthy,eng ENG,GK,Southampton,33-158,1989,3.0,81,121,66.9,1893,1310,21,21,100.0,39,39,100.0,20,58,34.5,0,0.0,0.0,0.0,0,3,0,0,0,Matches,36c2ca73
329,John McGinn,sct SCO,MFFW,Aston Villa,28-204,1994,26.9,742,949,78.2,13366,4405,342,396,86.4,284,343,82.8,96,155,61.9,3,2.6,3.2,+0.4,18,103,19,5,122,Matches,90f91999
330,Scott McKenna,sct SCO,DF,Nott'ham Forest,26-179,1996,17.5,569,727,78.3,11331,4319,163,195,83.6,334,394,84.8,66,122,54.1,0,1.0,0.4,-1.0,8,35,3,1,35,Matches,4e5a4cbc
331,Weston McKennie,us USA,MF,Leeds United,24-255,1998,13.4,412,544,75.7,6650,2307,215,268,80.2,135,168,80.4,40,64,62.5,0,0.5,0.5,-0.5,11,44,15,3,72,Matches,01c3aff5
332,Dwight McNeil,eng ENG,FWMF,Everton,23-169,1999,24.8,555,839,66.2,9316,2904,288,339,85.0,174,238,73.1,68,167,40.7,3,5.0,4.4,-2.0,41,37,23,12,61,Matches,fc15fb84
333,Scott McTominay,sct SCO,MF,Manchester Utd,26-153,1996,12.5,340,412,82.5,5241,1472,186,215,86.5,116,135,85.9,25,34,73.5,0,0.5,1.0,-0.5,7,30,5,1,30,Matches,d93c2511
334,Ben Mee,eng ENG,DF,Brentford,33-231,1989,33.3,1224,1613,75.9,23471,9638,464,547,84.8,596,725,82.2,153,293,52.2,0,0.3,0.7,-0.3,5,79,7,1,79,Matches,8df7a2fb
335,Edouard Mendy,sn SEN,GK,Chelsea,31-070,1992,8.5,213,268,79.5,4987,3402,69,69,100.0,87,88,98.9,53,107,49.5,0,0.0,0.0,0.0,0,4,0,0,0,Matches,33887998
336,Nampalys Mendy,sn SEN,MF,Leicester City,30-321,1992,8.2,357,408,87.5,5500,1124,186,201,92.5,142,155,91.6,19,26,73.1,0,0.0,0.1,0.0,2,20,3,0,28,Matches,1598599e
337,Chris Mepham,wls WAL,DF,Bournemouth,25-186,1997,23.4,828,988,83.8,15522,5452,291,326,89.3,459,503,91.3,71,133,53.4,0,0.2,0.6,-0.2,4,41,2,0,40,Matches,fed96827
338,Illan Meslier,fr FRA,GK,Leeds United,23-069,2000,34.0,664,1039,63.9,16770,10937,144,148,97.3,354,359,98.6,162,523,31.0,0,0.0,0.0,0.0,0,13,1,0,0,Matches,6b625ac2
339,Alexander Mighten,eng ENG,FW,Nott'ham Forest,21-029,2002,0.1,1,1,100.0,11,0,1,1,100.0,0,0,,0,0,,0,0.0,0.0,0.0,0,0,0,0,0,Matches,10ec4169
340,Luka Milivojević,rs SRB,MF,Crystal Palace,32-033,1991,5.7,207,260,79.6,3587,1136,89,101,88.1,89,107,83.2,20,37,54.1,0,0.2,0.2,-0.2,2,17,2,1,20,Matches,2ce2508a
341,James Milner,eng ENG,MFDF,Liverpool,37-126,1986,8.7,476,619,76.9,8468,2901,216,239,90.4,202,238,84.9,47,103,45.6,1,0.8,1.6,+0.2,11,50,13,4,59,Matches,2f90f6b8
342,Yerry Mina,co COL,DF,Everton,28-229,1994,3.6,171,191,89.5,3007,1051,60,65,92.3,100,109,91.7,7,12,58.3,0,0.0,0.0,0.0,0,10,0,0,7,Matches,6d5701f2
343,Tyrone Mings,eng ENG,DF,Aston Villa,30-058,1993,32.0,1535,1799,85.3,29552,11267,500,551,90.7,869,933,93.1,149,277,53.8,2,1.4,0.9,+0.6,5,97,6,0,105,Matches,8397a50c
344,Tyrick Mitchell,eng ENG,DF,Crystal Palace,23-251,1999,29.1,1032,1447,71.3,16418,7661,534,635,84.1,432,570,75.8,50,158,31.6,2,1.1,1.2,+0.9,13,78,19,8,93,Matches,5cbd1eb0
345,Kaoru Mitoma,jp JPN,FW,Brighton,25-355,1997,21.5,686,861,79.7,9473,2103,447,502,89.0,188,239,78.7,28,48,58.3,4,5.7,4.6,-1.7,34,43,25,1,79,Matches,74618572
346,Aleksandar Mitrović,rs SRB,FW,Fulham,28-236,1994,20.1,270,449,60.1,4300,877,154,231,66.7,78,122,63.9,30,48,62.5,1,2.1,1.1,-1.1,15,25,8,1,41,Matches,3925dbd6
347,Kieffer Moore,wls WAL,FW,Bournemouth,30-275,1992,13.2,200,339,59.0,2795,471,111,179,62.0,59,90,65.6,11,19,57.9,0,0.3,0.5,-0.3,4,16,6,0,22,Matches,01ce9e70
348,Andrew Moran,ie IRL,FW,Brighton,19-207,2003,0.1,1,2,50.0,13,0,1,1,100.0,0,1,0.0,0,0,,0,0.0,0.0,0.0,0,0,0,0,0,Matches,c4720845
349,Álex Moreno,es ESP,DF,Aston Villa,29-336,1993,13.6,544,697,78.0,7974,2415,299,351,85.2,205,252,81.3,21,38,55.3,3,2.6,2.2,+0.4,21,14,24,11,31,Matches,16e9d0ea
350,Mason Mount,eng ENG,MFFW,Chelsea,24-120,1999,18.3,585,778,75.2,8688,2236,350,409,85.6,165,216,76.4,44,84,52.4,2,3.0,2.8,-1.0,30,55,27,5,98,Matches,9674002f
351,Lucas Moura,br BRA,MFDF,Tottenham,30-270,1992,1.4,48,71,67.6,659,218,30,41,73.2,17,22,77.3,0,1,0.0,0,0.3,0.3,-0.3,3,3,5,1,10,Matches,2b622f01
352,João Moutinho,pt POR,MF,Wolves,36-244,1986,19.8,850,1057,80.4,15648,4124,323,362,89.2,412,480,85.8,91,147,61.9,2,2.6,1.9,-0.6,36,105,23,4,132,Matches,f5a00fa4
353,Divin Mubama,eng ENG,FW,West Ham,18-197,2004,0.0,1,1,100.0,14,0,1,1,100.0,0,0,,0,0,,0,0.0,0.0,0.0,0,0,0,0,0,Matches,92868cb5
354,Mykhailo Mudryk,ua UKR,FW,Chelsea,22-125,2001,6.4,143,195,73.3,1847,582,93,114,81.6,32,43,74.4,7,21,33.3,2,0.7,1.1,+1.3,8,10,10,0,19,Matches,049a888d
355,Jacob Murphy,eng ENG,FW,Newcastle Utd,28-075,1995,13.5,290,438,66.2,4456,1232,172,212,81.1,88,129,68.2,18,40,45.0,2,2.8,3.1,-0.8,19,20,26,4,57,Matches,de112b84
356,Enock Mwepu,zm ZAM,FWMF,Brighton,25-129,1998,2.4,61,78,78.2,819,126,42,50,84.0,15,17,88.2,3,5,60.0,1,0.5,0.2,+0.5,3,5,2,0,6,Matches,1d5cab82
357,Vitaliy Mykolenko,ua UKR,DF,Everton,23-346,1999,29.5,966,1292,74.8,15199,5874,509,585,87.0,365,477,76.5,63,147,42.9,0,1.2,0.9,-1.2,19,84,21,11,100,Matches,30d4a2e5
358,Keylor Navas,cr CRC,GK,Nott'ham Forest,36-146,1986,15.0,290,482,60.2,9737,7816,27,27,100.0,129,130,99.2,134,320,41.9,0,0.0,0.0,0.0,0,6,0,0,1,Matches,ecada4fc
359,Wilfred Ndidi,ng NGA,MFDF,Leicester City,26-145,1996,17.0,735,866,84.9,11246,2775,379,410,92.4,300,342,87.7,30,65,46.2,0,0.1,0.2,-0.1,3,48,0,0,50,Matches,6b47c5db
360,Reiss Nelson,eng ENG,FW,Arsenal,23-151,1999,1.7,82,98,83.7,1068,161,50,55,90.9,23,28,82.1,3,5,60.0,2,0.6,0.4,+1.4,7,1,4,2,4,Matches,c5bdb6e3
361,Neto,br BRA,GK,Bournemouth,33-295,1989,24.5,457,750,60.9,14477,11757,95,97,97.9,156,162,96.3,199,483,41.2,0,0.0,0.0,0.0,0,14,2,0,0,Matches,a9dc785c
362,Pedro Neto,pt POR,FWMF,Wolves,23-062,2000,10.2,269,362,74.3,4262,990,159,178,89.3,78,112,69.6,25,50,50.0,0,2.1,1.6,-2.1,19,13,9,4,24,Matches,7ba2eaa9
363,Rúben Neves,pt POR,MF,Wolves,26-058,1997,31.1,1617,1957,82.6,34383,9359,531,585,90.8,775,863,89.8,295,441,66.9,1,1.4,1.3,-0.4,28,190,13,1,203,Matches,44bfb6c5
364,Moussa Niakhate,sn SEN,DF,Nott'ham Forest,27-063,1996,9.9,209,296,70.6,4188,2057,72,77,93.5,105,144,72.9,31,63,49.2,0,0.1,0.1,-0.1,1,12,0,0,11,Matches,00242715
365,Rasmus Nissen,dk DEN,DF,Leeds United,25-303,1997,18.8,647,925,69.9,10593,4548,321,389,82.5,270,365,74.0,42,111,37.8,1,1.0,0.9,0.0,8,51,16,2,69,Matches,39769cff
366,Eddie Nketiah,eng ENG,FW,Arsenal,23-345,1999,11.5,193,242,79.8,2708,337,123,143,86.0,56,66,84.8,7,10,70.0,1,1.2,1.3,-0.2,8,7,6,0,15,Matches,a53649b7
367,Matheus Nunes,pt POR,MF,Wolves,24-256,1998,25.7,756,957,79.0,13830,2767,358,422,84.8,269,314,85.7,108,159,67.9,1,2.2,1.1,-1.2,26,68,16,5,79,Matches,e6af02e0
368,Darwin Núñez,uy URU,FW,Liverpool,23-320,1999,18.8,258,401,64.3,3922,852,130,184,70.7,80,117,68.4,21,30,70.0,3,5.4,2.8,-2.4,28,11,12,1,29,Matches,4d77b365
369,Ethan Nwaneri,eng ENG,FW,Arsenal,16-050,2007,0.0,0,0,,0,0,0,0,,0,0,,0,0,,0,0.0,0.0,0.0,0,0,0,0,0,Matches,7f94982c
370,Christian Nørgaard,dk DEN,MF,Brentford,29-061,1994,19.6,608,812,74.9,9879,3427,304,369,82.4,252,326,77.3,40,74,54.1,3,3.1,1.8,-0.1,12,68,8,2,73,Matches,df0a4c90
371,Lewis O'Brien,eng ENG,MF,Nott'ham Forest,24-208,1998,6.5,166,214,77.6,2785,650,72,85,84.7,84,103,81.6,7,16,43.8,0,0.2,0.2,-0.2,4,19,3,0,21,Matches,089667a5
372,Odeluga Offiah,eng ENG,DF,Brighton,20-196,2002,0.0,4,6,66.7,57,8,2,4,50.0,2,2,100.0,0,0,,0,0.0,0.0,0.0,0,0,1,0,1,Matches,65c3efa2
373,Angelo Ogbonna,it ITA,DF,West Ham,34-352,1988,11.7,266,335,79.4,5046,1692,82,99,82.8,150,174,86.2,27,52,51.9,0,0.2,0.1,-0.2,2,6,1,0,8,Matches,74b2cd7e
374,Michael Olise,fr FRA,FWMF,Crystal Palace,21-149,2001,27.6,869,1258,69.1,14659,4380,463,536,86.4,288,391,73.7,98,242,40.5,9,7.2,5.4,+1.8,60,65,44,12,120,Matches,c4486bac
375,Robin Olsen,se SWE,GK,Aston Villa,33-122,1990,3.1,74,131,56.5,2049,1522,17,18,94.4,30,30,100.0,27,80,33.8,0,0.0,0.0,0.0,0,2,0,0,0,Matches,e7ee38c3
376,Amadou Onana,be BEL,MF,Everton,21-267,2001,25.4,744,893,83.3,11782,2657,393,444,88.5,279,323,86.4,49,73,67.1,2,2.3,1.6,-0.3,19,69,10,0,63,Matches,828657ff
377,Josh Onomah,eng ENG,MF,Fulham,26-013,1997,0.2,4,6,66.7,54,0,3,3,100.0,1,1,100.0,0,0,,0,0.0,0.0,0.0,0,0,0,0,0,Matches,6612cd8c
378,Paul Onuachu,ng NGA,FW,Southampton,28-347,1994,3.8,50,77,64.9,702,136,32,44,72.7,9,15,60.0,5,6,83.3,0,0.1,0.1,-0.1,4,4,1,0,5,Matches,c06d1086
379,Frank Onyeka,ng NGA,MF,Brentford,25-129,1998,7.8,154,210,73.3,2374,594,81,102,79.4,59,76,77.6,7,15,46.7,2,0.6,0.7,+1.4,6,17,3,0,21,Matches,2944f86f
380,Mislav Oršić,hr CRO,MF,Southampton,30-132,1992,0.1,2,3,66.7,16,0,2,2,100.0,0,0,,0,1,0.0,0,0.0,0.0,0.0,0,0,0,0,0,Matches,ee950928
381,Stefan Ortega,de GER,GK,Manchester City,30-185,1992,1.0,43,47,91.5,727,396,21,21,100.0,20,20,100.0,2,6,33.3,0,0.0,0.0,0.0,0,0,0,0,0,Matches,c1242d4e
382,Dango Ouattara,bf BFA,MFFW,Bournemouth,21-088,2002,11.7,171,278,61.5,2656,889,95,129,73.6,55,88,62.5,13,31,41.9,3,2.2,1.4,+0.8,17,18,11,7,17,Matches,2f9e4435
383,Alex Oxlade-Chamberlain,eng ENG,FWMF,Liverpool,29-268,1993,3.7,75,106,70.8,1253,347,39,45,86.7,24,34,70.6,8,14,57.1,0,0.9,0.2,-0.9,5,8,2,0,14,Matches,38c7feef
384,David Ozoh,,FW,Crystal Palace,17-344,2005,0.0,3,3,100.0,24,0,3,3,100.0,0,0,,0,0,,0,0.0,0.0,0.0,0,0,0,0,0,Matches,d00d45ab
385,João Palhinha,pt POR,MF,Fulham,27-305,1995,31.7,963,1169,82.4,16656,4072,484,553,87.5,361,420,86.0,98,143,68.5,0,0.4,0.4,-0.4,7,112,3,0,100,Matches,a78ff07f
386,Cole Palmer,eng ENG,FWMF,Manchester City,21-004,2002,1.7,76,87,87.4,1228,166,39,41,95.1,31,34,91.2,4,8,50.0,0,0.2,0.3,-0.2,3,3,5,1,8,Matches,dc7f8a28
387,Emerson Palmieri,it ITA,DFFW,West Ham,28-280,1994,12.4,458,585,78.3,6374,2278,290,316,91.8,125,160,78.1,25,55,45.5,0,0.8,0.7,-0.8,11,29,9,3,39,Matches,e0bc6fdc
388,Lucas Paquetá,br BRA,MF,West Ham,25-256,1997,22.1,804,1035,77.7,12458,3900,424,502,84.5,286,351,81.5,59,93,63.4,2,1.8,1.9,+0.2,27,84,26,3,127,Matches,9b6f7fd5
389,Thomas Partey,gh GHA,MF,Arsenal,29-331,1993,25.2,1547,1782,86.8,27246,8391,703,771,91.2,646,727,88.9,166,225,73.8,0,1.3,2.2,-1.3,24,213,20,2,205,Matches,529f49ab
390,Nathan Patterson,sct SCO,DFMF,Everton,21-206,2001,12.9,446,592,75.3,6622,2406,258,285,90.5,158,211,74.9,20,61,32.8,0,0.4,0.6,-0.4,6,20,8,3,22,Matches,230f0471
391,Ben Pearson,eng ENG,MF,Bournemouth,28-126,1995,3.2,108,134,80.6,1814,501,50,58,86.2,45,55,81.8,8,15,53.3,0,0.0,0.0,0.0,0,8,0,0,5,Matches,a6b461e7
392,Facundo Pellistri,uy URU,FWMF,Manchester Utd,21-141,2001,0.6,12,13,92.3,150,6,6,7,85.7,5,5,100.0,0,0,,0,0.0,0.0,0.0,0,0,0,0,0,Matches,ac7e7b1c
393,Andreas Pereira,br BRA,MF,Fulham,27-129,1996,29.9,701,1068,65.6,13078,4235,336,419,80.2,229,315,72.7,116,251,46.2,6,5.2,4.1,+0.8,60,86,22,9,121,Matches,6639e500
394,Ricardo Pereira,pt POR,DFMF,Leicester City,29-216,1993,4.3,228,285,80.0,3692,1328,114,130,87.7,100,117,85.5,10,20,50.0,1,0.5,0.6,+0.5,6,24,9,3,25,Matches,75a72a99
395,Ayoze Pérez,es ESP,MFFW,Leicester City,29-285,1993,4.2,118,171,69.0,1698,468,75,89,84.3,28,43,65.1,9,18,50.0,1,1.5,0.6,-0.5,11,13,6,0,20,Matches,819aa8e7
396,Ivan Perišić,hr CRO,DFMF,Tottenham,34-097,1989,23.3,702,1101,63.8,12380,3555,353,438,80.6,244,381,64.0,90,205,43.9,8,6.1,5.2,+1.9,47,29,35,23,59,Matches,6fe90922
397,Romain Perraud,fr FRA,DF,Southampton,25-230,1997,20.4,623,885,70.4,8776,3419,377,443,85.1,200,270,74.1,26,91,28.6,2,1.9,1.9,+0.1,15,47,15,8,62,Matches,6dfd8f05
398,Máximo Perrone,ar ARG,MF,Manchester City,20-123,2003,0.2,18,21,85.7,228,32,11,12,91.7,5,5,100.0,0,0,,0,0.0,0.0,0.0,0,0,0,0,2,Matches,53552942
399,Kalvin Phillips,eng ENG,MF,Manchester City,27-159,1995,1.2,123,135,91.1,2261,380,46,52,88.5,62,63,98.4,13,17,76.5,0,0.0,0.0,0.0,1,15,0,0,7,Matches,4f565d77
400,Nathaniel Phillips,eng ENG,DF,Liverpool,26-050,1997,0.7,71,82,86.6,1364,602,32,34,94.1,27,29,93.1,9,14,64.3,0,0.0,0.0,0.0,0,7,0,0,9,Matches,515ebe8d
401,Jordan Pickford,eng ENG,GK,Everton,29-064,1994,34.0,686,1212,56.6,22985,17954,142,143,99.3,224,229,97.8,313,826,37.9,1,0.1,0.4,+0.9,2,50,1,0,1,Matches,4806ec67
402,Ethan Pinnock,jm JAM,DF,Brentford,29-346,1993,27.0,803,1024,78.4,14817,5115,297,351,84.6,414,487,85.0,77,149,51.7,0,1.0,1.1,-1.0,8,40,2,2,45,Matches,e541326e
403,Daniel Podence,pt POR,FWMF,Wolves,27-201,1995,18.6,427,636,67.1,7041,2171,218,286,76.2,135,202,66.8,48,86,55.8,0,2.4,2.0,-2.4,34,32,37,7,89,Matches,7fcc71d8
404,Nick Pope,eng ENG,GK,Newcastle Utd,31-021,1992,33.2,575,836,68.8,15914,10872,116,117,99.1,257,264,97.3,197,449,43.9,0,0.1,0.0,-0.1,2,11,0,0,1,Matches,4b40d9ca
405,Pedro Porro,es ESP,DFMF,Tottenham,23-239,1999,10.5,380,526,72.2,6134,2051,194,217,89.4,141,189,74.6,33,77,42.9,2,2.0,1.8,0.0,20,20,18,12,30,Matches,27d0a506
406,Dennis Praet,be BEL,MFFW,Leicester City,28-361,1994,7.2,200,270,74.1,2897,680,117,138,84.8,62,77,80.5,13,27,48.1,0,0.5,0.4,-0.5,3,10,5,1,17,Matches,86695068
407,Isaac Price,nir NIR,MF,Everton,19-226,2003,0.4,12,14,85.7,203,44,6,7,85.7,5,6,83.3,1,1,100.0,0,0.1,0.0,-0.1,1,1,0,0,1,Matches,b9403c99
408,Christian Pulisic,us USA,FWDF,Chelsea,24-234,1998,8.7,228,289,78.9,3079,536,149,171,87.1,62,79,78.5,9,17,52.9,1,0.7,0.4,+0.3,12,12,3,1,22,Matches,1bf33a9a
409,Aaron Ramsdale,eng ENG,GK,Arsenal,24-361,1998,35.0,693,1014,68.3,17507,12006,172,178,96.6,344,351,98.0,176,480,36.7,0,0.0,0.0,0.0,0,27,2,0,8,Matches,466fb2c5
410,Jacob Ramsey,eng ENG,MFFW,Aston Villa,21-347,2001,26.3,677,822,82.4,9590,2500,411,464,88.6,201,244,82.4,34,44,77.3,5,3.7,2.1,+1.3,38,63,25,2,94,Matches,1544f145
411,Marcus Rashford,eng ENG,FW,Manchester Utd,25-191,1997,30.5,585,770,76.0,8268,1992,384,453,84.8,132,172,76.7,39,62,62.9,5,3.1,2.6,+1.9,28,35,47,2,77,Matches,a1d5bd30
412,David Raya,es ESP,GK,Brentford,27-237,1995,35.0,964,1493,64.6,32158,24882,122,126,96.8,416,424,98.1,425,937,45.4,0,0.1,0.2,-0.1,2,72,3,0,13,Matches,98ea5115
413,Tim Ream,us USA,DF,Fulham,35-217,1987,32.2,1662,1922,86.5,35620,12543,420,472,89.0,961,1035,92.9,267,379,70.4,0,0.1,0.3,-0.1,3,148,0,0,142,Matches,28b40c9c
414,Nathan Redmond,eng ENG,DF,Southampton,29-065,1994,0.0,0,1,0.0,0,0,0,0,,0,1,0.0,0,0,,0,0.0,0.0,0.0,0,0,0,0,0,Matches,ab651565
415,Harrison Reed,eng ENG,MF,Fulham,28-103,1995,29.6,908,1176,77.2,14281,3516,476,562,84.7,324,383,84.6,72,125,57.6,3,2.7,1.7,+0.3,31,77,28,11,97,Matches,803ae100
416,Bobby Reid,jm JAM,FWDF,Fulham,30-097,1993,27.1,629,895,70.3,9526,3034,337,410,82.2,223,314,71.0,34,81,42.0,1,1.7,1.5,-0.7,18,36,37,10,60,Matches,0f7533cd
417,Declan Rice,eng ENG,MF,West Ham,24-116,1999,34.0,1676,1949,86.0,30635,8617,777,868,89.5,655,704,93.0,210,305,68.9,1,3.2,1.8,-2.2,36,212,11,3,215,Matches,1c7012b8
418,Chris Richards,us USA,DF,Crystal Palace,23-043,2000,5.0,169,203,83.3,3129,991,66,79,83.5,84,96,87.5,19,27,70.4,0,0.3,0.0,-0.3,1,15,0,0,14,Matches,0a3d6d2b
419,Richarlison,br BRA,MFFW,Tottenham,26-000,1997,10.2,184,259,71.0,2767,691,100,131,76.3,57,78,73.1,13,18,72.2,3,2.2,1.5,+0.8,15,16,10,3,28,Matches,fa031b34
420,Jaïro Riedewald,nl NED,DFFW,Crystal Palace,26-243,1996,0.5,26,35,74.3,351,74,17,18,94.4,9,13,69.2,0,2,0.0,0,0.0,0.0,0.0,0,1,0,0,0,Matches,7a1f2c08
421,Matt Ritchie,sct SCO,FWMF,Newcastle Utd,33-242,1989,0.4,24,31,77.4,342,88,16,16,100.0,4,6,66.7,3,4,75.0,0,0.1,0.0,-0.1,1,0,0,0,1,Matches,71ef519e
422,Andrew Robertson,sct SCO,DF,Liverpool,29-060,1994,26.9,1678,2115,79.3,28303,8736,798,881,90.6,732,877,83.5,124,261,47.5,8,6.0,6.4,+2.0,50,107,33,14,148,Matches,2e4f5f03
423,Antonee Robinson,us USA,DF,Fulham,25-275,1997,31.3,1266,1733,73.1,21864,8713,569,658,86.5,552,718,76.9,121,270,44.8,1,1.2,1.6,-0.2,20,95,36,23,111,Matches,289601e6
424,Joel Robles,es ESP,GK,Leeds United,32-327,1990,1.0,23,39,59.0,651,466,3,3,100.0,11,12,91.7,9,24,37.5,0,0.0,0.0,0.0,0,0,0,0,0,Matches,cda0b317
425,Marc Roca,es ESP,MF,Leeds United,26-165,1996,25.6,972,1283,75.8,16439,6484,494,571,86.5,355,446,79.6,93,197,47.2,2,2.7,2.4,-0.7,32,154,16,2,168,Matches,da27e268
426,Marek Rodák,sk SVK,GK,Fulham,26-148,1996,2.0,29,61,47.5,1170,1037,3,3,100.0,8,9,88.9,17,48,35.4,0,0.0,0.0,0.0,0,0,0,0,0,Matches,17acc2ed
427,Rodri,es ESP,MF,Manchester City,26-322,1996,30.2,2563,2812,91.1,47170,11269,1039,1119,92.9,1195,1280,93.4,290,339,85.5,6,4.1,3.5,+1.9,32,256,31,3,253,Matches,6434f10d
428,Rodrigo,es ESP,FWMF,Leeds United,32-065,1991,18.5,349,496,70.4,5063,945,198,250,79.2,96,141,68.1,29,50,58.0,1,1.5,0.9,-0.5,14,22,14,2,42,Matches,1fb1c435
429,Mads Roerslev,dk DEN,DF,Brentford,23-320,1999,12.2,186,291,63.9,2839,1049,107,137,78.1,60,82,73.2,13,42,31.0,0,1.0,0.7,-1.0,7,14,6,4,19,Matches,57c94db2
430,Cristian Romero,ar ARG,DF,Tottenham,25-013,1998,25.3,1342,1533,87.5,24177,8663,543,599,90.7,655,701,93.4,116,168,69.0,1,1.2,1.0,-0.2,8,85,8,0,92,Matches,a3d94a58
431,Oriol Romeu,es ESP,MF,Southampton,31-228,1991,0.8,28,30,93.3,453,79,10,11,90.9,15,16,93.8,2,2,100.0,0,0.0,0.2,0.0,0,0,2,0,4,Matches,4b511457
432,Cristiano Ronaldo,pt POR,FW,Manchester Utd,38-094,1985,5.8,121,162,74.7,1412,258,85,97,87.6,27,39,69.2,1,5,20.0,0,0.4,0.2,-0.4,6,7,1,0,12,Matches,dea698d9
433,Connor Ronan,ie IRL,MF,Wolves,25-065,1998,0.0,3,4,75.0,37,18,2,2,100.0,1,2,50.0,0,0,,0,0.0,0.0,0.0,0,3,0,0,0,Matches,1b804500
434,Salomón Rondón,ve VEN,FW,Everton,33-236,1989,1.2,22,29,75.9,203,35,15,21,71.4,3,3,100.0,0,0,,0,0.2,0.1,-0.2,2,2,1,0,1,Matches,b318a643
435,Joe Rothwell,eng ENG,MF,Bournemouth,28-119,1995,10.4,357,426,83.8,6015,1566,169,185,91.4,140,150,93.3,33,65,50.8,1,1.0,1.5,0.0,8,32,11,1,31,Matches,10a10454
436,Georginio Rutter,fr FRA,FWMF,Leeds United,21-020,2002,2.7,25,52,48.1,352,86,15,25,60.0,7,14,50.0,2,2,100.0,0,0.2,0.2,-0.2,3,1,1,0,5,Matches,c64c01fc
437,José Sá,pt POR,GK,Wolves,30-113,1993,35.0,821,1177,69.8,20247,13448,196,199,98.5,441,454,97.1,182,515,35.3,0,0.0,0.0,0.0,0,10,0,0,0,Matches,903b6e8b
438,Marcel Sabitzer,at AUT,MF,Manchester Utd,29-054,1994,7.0,237,307,77.2,3577,1123,129,157,82.2,80,97,82.5,15,22,68.2,1,0.9,1.3,+0.1,10,30,7,1,38,Matches,e280527c
439,Allan Saint-Maximin,fr FRA,FW,Newcastle Utd,26-059,1997,11.2,279,401,69.6,4536,1359,146,185,78.9,97,142,68.3,26,36,72.2,5,3.8,2.5,+1.2,25,20,32,4,59,Matches,2b16cb1a
440,Bukayo Saka,eng ENG,FW,Arsenal,21-247,2001,32.7,976,1321,73.9,14279,3418,599,695,86.2,274,353,77.6,65,148,43.9,11,8.1,5.6,+2.9,71,47,62,12,100,Matches,bc7dc64d
441,Mohamed Salah,eg EGY,FW,Liverpool,30-329,1992,33.6,822,1073,76.6,11405,3099,491,592,82.9,249,314,79.3,38,61,62.3,7,6.2,6.0,+0.8,58,49,70,6,136,Matches,e342ad68
442,William Saliba,fr FRA,DF,Arsenal,22-047,2001,26.8,1698,1865,91.0,29692,11617,715,767,93.2,844,905,93.3,108,144,75.0,1,1.2,0.3,-0.2,6,111,3,0,99,Matches,972aeb2a
443,Mohammed Salisu,gh GHA,DF,Southampton,24-023,1999,21.9,879,1196,73.5,16118,7370,360,412,87.4,426,538,79.2,86,209,41.1,1,0.6,0.5,+0.4,7,80,7,4,82,Matches,0b33f6ad
444,Albert Sambi Lokonga,be BEL,MF,Arsenal,23-200,1999,2.2,132,140,94.3,2321,539,59,62,95.2,60,63,95.2,11,12,91.7,0,0.0,0.1,0.0,1,17,1,0,12,Matches,1b4f1169
445,Albert Sambi Lokonga,be BEL,MF,Crystal Palace,23-200,1999,6.0,228,264,86.4,3763,1080,112,124,90.3,96,101,95.0,17,28,60.7,0,0.0,0.1,0.0,1,23,0,0,20,Matches,1b4f1169
446,Davinson Sánchez,co COL,DF,Tottenham,26-332,1996,7.5,404,463,87.3,7137,2088,154,163,94.5,225,242,93.0,20,42,47.6,0,0.1,0.2,-0.1,1,33,1,1,30,Matches,da7b447d
447,Robert Sánchez,es ESP,GK,Brighton,25-173,1997,23.0,604,781,77.3,13655,8845,203,204,99.5,283,292,96.9,111,270,41.1,0,0.0,0.0,0.0,0,11,0,0,0,Matches,6a713852
448,Jadon Sancho,eng ENG,FWMF,Manchester Utd,23-046,2000,15.1,519,622,83.4,6237,1371,364,406,89.7,106,127,83.5,12,22,54.5,2,2.5,2.4,-0.5,31,19,31,1,62,Matches,dbf053da
449,Morgan Sanson,fr FRA,MF,Aston Villa,28-265,1994,0.1,5,7,71.4,55,12,3,4,75.0,1,2,50.0,0,0,,0,0.0,0.0,0.0,0,0,0,0,1,Matches,6e7f1353
450,Pablo Sarabia,es ESP,FWMF,Wolves,30-364,1992,7.7,234,338,69.2,3568,1162,142,162,87.7,60,83,72.3,22,59,37.3,0,0.8,0.8,-0.8,11,24,13,4,36,Matches,9744ff80
451,Jeremy Sarmiento,ec ECU,MF,Brighton,20-328,2002,2.0,53,67,79.1,694,191,32,38,84.2,16,19,84.2,1,2,50.0,1,0.2,0.3,+0.8,2,4,5,1,11,Matches,ac0d576d
452,Gianluca Scamacca,it ITA,FW,West Ham,24-129,1999,10.3,118,177,66.7,2014,378,63,85,74.1,31,52,59.6,17,21,81.0,0,0.7,0.5,-0.7,13,14,5,1,17,Matches,8790f988
453,Gustavo Scarpa,br BRA,MFFW,Nott'ham Forest,29-125,1994,2.0,51,78,65.4,1112,454,16,19,84.2,26,31,83.9,8,18,44.4,0,0.0,0.0,0.0,1,10,0,0,12,Matches,2964fd20
454,Kevin Schade,de GER,FW,Brentford,21-164,2001,6.1,72,125,57.6,852,193,39,61,63.9,22,37,59.5,0,3,0.0,1,0.7,0.3,+0.3,6,5,3,0,12,Matches,52afb588
455,Fabian Schär,ch SUI,DF,Newcastle Utd,31-141,1991,31.6,1240,1619,76.6,25638,10240,423,494,85.6,629,732,85.9,180,352,51.1,3,3.2,1.9,-0.2,17,120,18,2,125,Matches,c8aa95da
456,Jeffrey Schlupp,gh GHA,MFFW,Crystal Palace,30-138,1992,28.1,665,900,73.9,10562,2798,338,418,80.9,254,312,81.4,52,104,50.0,1,1.4,1.0,-0.4,18,59,11,0,98,Matches,3312f911
457,Nélson Semedo,pt POR,DF,Wolves,29-175,1993,26.2,1087,1352,80.4,16378,5537,624,689,90.6,392,479,81.8,53,112,47.3,1,0.7,0.9,+0.3,11,92,15,5,98,Matches,d04b94db
458,Antoine Semenyo,gh GHA,FWMF,Bournemouth,23-123,2000,2.9,38,57,66.7,543,153,24,33,72.7,11,13,84.6,2,4,50.0,0,0.1,0.0,-0.1,2,5,0,0,5,Matches,efd2ec23
459,Marcos Senesi,ar ARG,DF,Bournemouth,26-000,1997,25.7,926,1165,79.5,18815,8247,300,337,89.0,489,557,87.8,122,219,55.7,0,0.5,0.4,-0.5,5,73,4,1,55,Matches,35141f4c
460,Ryan Sessegnon,eng ENG,DF,Tottenham,22-357,2000,9.0,280,390,71.8,4093,1075,178,213,83.6,81,120,67.5,16,29,55.2,0,1.1,1.1,-1.1,6,16,11,3,22,Matches,6aa3e78b
461,Luke Shaw,eng ENG,DF,Manchester Utd,27-302,1995,25.9,1599,1922,83.2,25188,9532,885,968,91.4,577,664,86.9,104,190,54.7,2,3.2,2.6,-1.2,31,156,28,14,122,Matches,9c94165b
462,Jonjo Shelvey,eng ENG,MF,Newcastle Utd,31-072,1992,0.4,19,26,73.1,442,176,5,6,83.3,8,10,80.0,4,8,50.0,0,0.0,0.0,0.0,0,4,0,0,3,Matches,3727dd3c
463,Jonjo Shelvey,eng ENG,MF,Nott'ham Forest,31-072,1992,6.0,221,302,73.2,4761,1861,73,86,84.9,98,112,87.5,47,98,48.0,0,0.3,0.8,-0.3,6,37,8,2,34,Matches,3727dd3c
464,Bernardo Silva,pt POR,MFFW,Manchester City,28-273,1994,23.4,1233,1454,84.8,19641,3372,668,721,92.6,433,500,86.6,90,145,62.1,5,3.1,3.9,+1.9,29,70,33,9,125,Matches,3eb22ec9
465,Thiago Silva,br BRA,DF,Chelsea,38-230,1984,23.1,1655,1827,90.6,31449,12419,601,637,94.3,879,916,96.0,163,244,66.8,2,0.4,0.9,+1.6,4,103,12,0,93,Matches,86e7deaf
466,Ellis Simms,eng ENG,FW,Everton,22-125,2001,2.5,37,61,60.7,497,105,19,30,63.3,9,17,52.9,3,3,100.0,0,0.1,0.4,-0.1,2,3,1,0,4,Matches,26d3b5be
467,Luis Sinisterra,co COL,FW,Leeds United,23-327,1999,9.6,273,339,80.5,3710,993,161,188,85.6,72,84,85.7,14,19,73.7,0,0.4,0.9,-0.4,9,18,17,2,39,Matches,8e16dd48
468,Oliver Skipp,eng ENG,MF,Tottenham,22-236,2000,13.9,556,651,85.4,9070,2263,272,297,91.6,226,249,90.8,39,56,69.6,0,0.6,0.4,-0.6,9,41,7,1,51,Matches,6250083a
469,Adam Smith,eng ENG,DF,Bournemouth,32-011,1991,30.7,891,1185,75.2,15253,6510,419,477,87.8,374,473,79.1,83,184,45.1,1,0.9,1.4,+0.1,12,66,24,15,80,Matches,20b104bc
470,Emile Smith Rowe,eng ENG,MFFW,Arsenal,22-286,2000,1.6,63,73,86.3,889,212,36,39,92.3,23,27,85.2,3,4,75.0,1,0.6,0.5,+0.4,5,3,3,0,5,Matches,17695062
471,Cédric Soares,pt POR,DF,Arsenal,31-252,1991,0.3,19,24,79.2,257,54,10,10,100.0,8,10,80.0,0,3,0.0,0,0.0,0.0,0.0,0,0,0,0,3,Matches,839c14e1
472,Cédric Soares,pt POR,DF,Fulham,31-252,1991,2.2,143,186,76.9,2394,686,72,78,92.3,57,68,83.8,13,31,41.9,0,0.3,0.2,-0.3,2,13,4,3,12,Matches,839c14e1
473,Dominic Solanke,eng ENG,FW,Bournemouth,25-238,1997,28.8,318,473,67.2,4125,940,197,261,75.5,90,119,75.6,13,19,68.4,7,3.9,2.3,+3.1,21,20,13,1,41,Matches,e77dc3b2
474,Manor Solomon,il ISR,FW,Fulham,23-290,1999,5.8,160,189,84.7,2279,520,94,106,88.7,54,59,91.5,6,10,60.0,0,0.3,0.6,-0.3,5,5,8,1,24,Matches,886f9aac
475,Tomáš Souček,cz CZE,MF,West Ham,28-072,1995,29.6,646,910,71.0,10649,3221,324,431,75.2,233,311,74.9,62,99,62.6,3,1.9,1.0,+1.1,15,64,11,6,86,Matches,6613c819
476,Boubakary Soumaré,fr FRA,MF,Leicester City,24-072,1999,15.1,678,790,85.8,10284,2692,366,401,91.3,255,290,87.9,32,48,66.7,0,0.3,0.4,-0.3,9,64,5,1,67,Matches,ae59b359
477,Harry Souttar,au AUS,DF,Leicester City,24-200,1998,10.0,436,535,81.5,8176,3141,142,157,90.4,258,293,88.1,32,70,45.7,1,0.2,0.1,+0.8,3,36,1,0,28,Matches,0a6cb1b1
478,Çağlar Söyüncü,tr TUR,DF,Leicester City,26-352,1996,5.9,241,309,78.0,4320,1537,104,115,90.4,112,136,82.4,22,48,45.8,0,0.1,0.0,-0.1,1,9,0,0,12,Matches,21166ff4
479,Djed Spence,eng ENG,FWDF,Tottenham,22-274,2000,0.1,5,9,55.6,60,4,4,5,80.0,1,1,100.0,0,0,,0,0.0,0.0,0.0,0,0,0,0,0,Matches,9bc9a519
480,Jack Stacey,eng ENG,DF,Bournemouth,27-034,1996,3.3,74,130,56.9,1088,392,42,53,79.2,27,50,54.0,3,12,25.0,0,0.0,0.0,0.0,0,6,1,1,2,Matches,558807c0
481,Junior Stanislas,eng ENG,MF,Bournemouth,33-165,1989,0.7,22,28,78.6,329,71,12,14,85.7,9,11,81.8,0,1,0.0,0,0.1,0.2,-0.1,2,3,0,0,4,Matches,6992791d
482,Jay Stansfield,eng ENG,FW,Fulham,20-167,2002,1.0,9,23,39.1,82,32,7,8,87.5,1,7,14.3,0,3,0.0,0,0.1,0.0,-0.1,1,0,0,0,0,Matches,b2626673
483,Jason Steele,eng ENG,GK,Brighton,32-265,1990,10.0,298,332,89.8,5900,4331,119,119,100.0,129,131,98.5,47,77,61.0,1,0.1,0.2,+0.9,1,2,0,0,0,Matches,28300a16
484,Jack Stephens,eng ENG,DF,Southampton,29-103,1994,0.5,23,28,82.1,398,107,9,10,90.0,13,17,76.5,1,1,100.0,0,0.0,0.0,0.0,0,3,0,0,3,Matches,6adbc307
485,Jack Stephens,eng ENG,DF,Bournemouth,29-103,1994,13.0,446,543,82.1,8713,3133,156,173,90.2,233,263,88.6,53,94,56.4,0,0.2,0.2,-0.2,3,37,3,2,34,Matches,6adbc307
486,Raheem Sterling,eng ENG,FWMF,Chelsea,28-153,1994,18.3,446,602,74.1,5607,1218,277,332,83.4,123,164,75.0,14,28,50.0,3,4.2,3.0,-1.2,30,22,29,8,51,Matches,b400bde0
487,John Stones,eng ENG,DFMF,Manchester City,28-347,1994,19.2,1355,1459,92.9,22787,6235,659,690,95.5,581,620,93.7,96,119,80.7,2,1.3,1.0,+0.7,7,107,3,0,99,Matches,5eecec3d
488,Pascal Struijk,nl NED,DF,Leeds United,23-272,1999,22.9,1006,1255,80.2,15213,6492,550,625,88.0,379,458,82.8,49,99,49.5,1,2.3,1.1,-1.3,13,87,12,3,114,Matches,f4d296e4
489,Kamaldeen Sulemana,gh GHA,FWMF,Southampton,21-084,2002,9.2,169,235,71.9,2660,565,86,107,80.4,57,69,82.6,15,30,50.0,1,1.2,1.0,-0.2,13,10,9,1,33,Matches,a62f8bf1
490,Crysencio Summerville,nl NED,FW,Leeds United,21-192,2001,15.5,305,406,75.1,3809,1066,206,253,81.4,71,90,78.9,9,24,37.5,2,1.6,1.1,+0.4,16,19,12,2,45,Matches,df04eb4b
491,Sam Surridge,eng ENG,FW,Nott'ham Forest,24-286,1998,3.6,38,78,48.7,532,168,23,43,53.5,13,24,54.2,1,3,33.3,0,0.1,0.0,-0.1,1,4,0,0,6,Matches,b017b770
492,Japhet Tanganga,eng ENG,DF,Tottenham,24-040,1999,1.6,82,92,89.1,1323,541,42,46,91.3,34,38,89.5,5,7,71.4,0,0.0,0.0,0.0,0,4,1,1,5,Matches,e9971f2d
493,Matt Targett,eng ENG,DF,Newcastle Utd,27-234,1995,5.9,297,380,78.2,4871,2203,148,167,88.6,127,144,88.2,18,54,33.3,0,0.4,0.7,-0.4,10,19,5,0,42,Matches,e514ab62
494,James Tarkowski,eng ENG,DF,Everton,30-172,1992,35.0,1236,1527,80.9,24766,9555,418,474,88.2,646,741,87.2,160,285,56.1,1,2.2,1.8,-1.2,14,89,2,0,99,Matches,15ea812b
495,Marcus Tavernier,eng ENG,MFFW,Bournemouth,24-049,1999,19.4,510,724,70.4,8048,2431,285,339,84.1,165,225,73.3,40,100,40.0,4,2.9,1.3,+1.1,19,34,16,5,56,Matches,5c0da4a4
496,Tetê,br BRA,FW,Leicester City,23-084,2000,7.8,175,245,71.4,2845,618,93,118,78.8,55,74,74.3,18,28,64.3,0,0.4,0.3,-0.4,6,16,4,1,25,Matches,7120a04d
497,Kenny Tete,nl NED,DF,Fulham,27-213,1995,25.5,979,1357,72.1,15524,6497,522,609,85.7,366,513,71.3,69,143,48.3,5,1.9,1.8,+3.1,23,65,24,17,89,Matches,77d7c96f
498,Luke Thomas,eng ENG,DF,Leicester City,21-334,2001,9.7,446,560,79.6,7006,2932,246,278,88.5,171,210,81.4,26,46,56.5,0,0.7,0.5,-0.7,5,31,6,2,41,Matches,fc027d02
499,Youri Tielemans,be BEL,MF,Leicester City,26-003,1997,23.0,1181,1457,81.1,19619,6831,574,650,88.3,464,540,85.9,107,185,57.8,1,4.2,3.1,-3.2,27,151,28,7,171,Matches,56f7a928
500,Kieran Tierney,sct SCO,DF,Arsenal,25-339,1997,7.4,322,432,74.5,5912,1804,135,154,87.7,151,190,79.5,31,62,50.0,1,0.3,0.4,+0.7,4,32,7,1,31,Matches,fce2302c
501,Harry Toffolo,eng ENG,DF,Nott'ham Forest,27-264,1995,9.9,234,375,62.4,3662,1798,133,161,82.6,88,142,62.0,10,46,21.7,0,0.8,0.9,-0.8,5,13,7,4,28,Matches,a105d46a
502,Takehiro Tomiyasu,jp JPN,DF,Arsenal,24-186,1998,7.4,384,474,81.0,6453,2036,173,200,86.5,171,199,85.9,30,56,53.6,1,0.6,0.2,+0.4,4,41,6,2,51,Matches,b3af9be1
503,James Tomkins,eng ENG,DF,Crystal Palace,34-042,1989,3.8,138,171,80.7,2645,822,47,55,85.5,79,87,90.8,12,27,44.4,0,0.0,0.0,0.0,0,2,0,0,2,Matches,e7ca0439
504,Ivan Toney,eng ENG,FW,Brentford,27-055,1996,32.8,468,787,59.5,5947,2037,299,424,70.5,103,180,57.2,24,53,45.3,4,5.1,3.5,-1.1,27,54,26,5,79,Matches,e09f279b
505,Adama Traoré,es ESP,FWMF,Wolves,27-105,1996,14.5,290,441,65.8,4287,1059,180,241,74.7,73,113,64.6,23,39,59.0,1,3.5,2.9,-2.5,21,15,19,13,32,Matches,9a28eba4
506,Bertrand Traoré,bf BFA,FWMF,Aston Villa,27-246,1995,2.6,59,75,78.7,868,258,36,40,90.0,18,21,85.7,3,5,60.0,0,0.1,0.1,-0.1,1,1,5,3,9,Matches,c47541e0
507,Boubacar Traoré,ml MLI,MF,Wolves,21-263,2001,4.3,97,125,77.6,1641,548,44,53,83.0,47,54,87.0,5,10,50.0,1,0.2,0.1,+0.8,1,16,1,0,8,Matches,999ceb5f
508,Mark Travers,ie IRL,GK,Bournemouth,23-357,1999,10.5,244,324,75.3,7221,5230,83,83,100.0,82,83,98.8,78,157,49.7,0,0.0,0.0,0.0,0,4,0,0,0,Matches,fe558029
509,Kieran Trippier,eng ENG,DF,Newcastle Utd,32-233,1990,33.1,1752,2454,71.4,33552,15083,758,861,88.0,669,879,76.1,291,591,49.2,6,11.2,10.8,-5.2,101,154,89,26,226,Matches,21512407
510,Leandro Trossard,be BEL,FW,Arsenal,28-157,1994,7.9,284,369,77.0,4771,1208,135,156,86.5,109,129,84.5,30,49,61.2,8,4.0,3.0,+4.0,17,19,24,5,48,Matches,38ceb24a
511,Leandro Trossard,be BEL,FWMF,Brighton,28-157,1994,14.6,379,529,71.6,6222,1920,199,236,84.3,124,178,69.7,40,63,63.5,2,2.1,2.1,-0.1,23,42,25,7,67,Matches,38ceb24a
512,Kostas Tsimikas,gr GRE,DF,Liverpool,26-363,1996,7.7,410,540,75.9,7248,2050,194,226,85.8,153,188,81.4,54,102,52.9,4,1.5,1.1,+2.5,17,18,6,3,23,Matches,f315ca93
513,Deniz Undav,de GER,FWMF,Brighton,26-295,1996,4.6,84,109,77.1,994,214,58,69,84.1,17,21,81.0,2,5,40.0,0,0.8,0.9,-0.8,6,4,3,0,6,Matches,dd549382
514,Yan Valery,tn TUN,DF,Southampton,24-077,1999,0.5,15,23,65.2,213,39,9,10,90.0,4,6,66.7,1,5,20.0,0,0.0,0.0,0.0,0,1,0,0,0,Matches,531a4aa8
515,Virgil van Dijk,nl NED,DF,Liverpool,31-306,1991,29.5,2186,2420,90.3,42856,15486,763,817,93.4,1169,1234,94.7,234,329,71.1,1,1.2,1.0,-0.2,6,148,6,0,120,Matches,e06683ca
516,Raphaël Varane,fr FRA,DF,Manchester Utd,30-015,1993,18.3,817,952,85.8,15396,4757,266,299,89.0,483,524,92.2,57,106,53.8,0,0.2,0.3,-0.2,4,67,3,0,53,Matches,9f8e9423
517,Jamie Vardy,eng ENG,FW,Leicester City,36-119,1987,18.8,127,244,52.0,1774,345,64,109,58.7,44,84,52.4,6,14,42.9,4,1.4,0.6,+2.6,14,7,5,1,13,Matches,45963054
518,Joël Veltman,nl NED,DF,Brighton,31-115,1992,22.8,1202,1439,83.5,20804,6841,509,567,89.8,590,672,87.8,82,140,58.6,1,0.6,1.0,+0.4,9,153,11,4,145,Matches,dad4b285
519,Fabio Vieira,pt POR,MF,Arsenal,22-345,2000,5.3,217,268,81.0,3252,771,121,132,91.7,75,89,84.3,9,23,39.1,2,2.5,1.4,-0.5,11,23,7,2,30,Matches,6412cc03
520,Matías Viña,uy URU,DF,Bournemouth,25-182,1997,3.8,105,138,76.1,1555,620,67,72,93.1,35,47,74.5,3,12,25.0,0,0.2,0.1,-0.2,2,6,4,0,12,Matches,08eb3b58
521,Rúben Vinagre,pt POR,DFMF,Everton,24-031,1999,0.3,15,24,62.5,223,26,7,10,70.0,7,10,70.0,0,0,,0,0.0,0.0,0.0,0,2,0,0,0,Matches,b937e490
522,Carlos Vinícius,br BRA,FW,Fulham,28-046,1995,11.5,110,176,62.5,1367,355,64,92,69.6,30,45,66.7,4,9,44.4,2,0.7,0.8,+1.3,6,10,5,1,13,Matches,8b529245
523,Theo Walcott,eng ENG,FWMF,Southampton,34-055,1989,10.0,143,206,69.4,1812,393,96,119,80.7,33,56,58.9,2,8,25.0,1,1.3,1.2,-0.3,11,6,5,2,10,Matches,1ecb65be
524,Kyle Walker,eng ENG,DF,Manchester City,32-347,1990,17.8,1389,1592,87.2,24358,6962,622,669,93.0,633,698,90.7,119,181,65.7,0,0.2,0.8,-0.2,5,156,7,2,138,Matches,86dd77d1
525,Kyle Walker-Peters,eng ENG,DF,Southampton,26-027,1997,26.4,923,1210,76.3,13543,5386,545,605,90.1,303,403,75.2,45,106,42.5,0,1.2,2.3,-1.2,14,62,27,8,90,Matches,984a5a64
526,Aaron Wan-Bissaka,eng ENG,DF,Manchester Utd,25-165,1997,12.9,585,696,84.1,8017,2807,365,393,92.9,165,203,81.3,24,38,63.2,0,1.0,0.9,-1.0,13,43,9,2,48,Matches,9e525177
527,Danny Ward,wls WAL,GK,Leicester City,29-322,1993,26.0,708,945,74.9,16865,10488,197,199,99.0,352,355,99.2,158,383,41.3,0,0.0,0.0,0.0,0,7,0,0,0,Matches,d3ce0e89
528,Joel Ward,eng ENG,DF,Crystal Palace,33-193,1989,22.1,788,1057,74.6,12648,5744,396,459,86.3,318,397,80.1,51,140,36.4,0,0.2,0.5,-0.2,6,68,8,5,83,Matches,8a7ff278
529,James Ward-Prowse,eng ENG,MF,Southampton,28-190,1994,34.5,1606,2047,78.5,27229,8218,777,863,90.0,639,757,84.4,148,330,44.8,3,6.0,5.0,-3.0,72,174,29,15,183,Matches,3515d404
530,Ollie Watkins,eng ENG,FW,Aston Villa,27-131,1995,31.8,368,531,69.3,4398,807,247,324,76.2,77,113,68.1,12,15,80.0,6,3.5,2.4,+2.5,28,23,15,2,35,Matches,aed3a70f
531,Adam Webster,eng ENG,DF,Brighton,28-126,1995,21.3,1470,1669,88.1,27081,9917,547,593,92.2,788,863,91.3,122,175,69.7,0,0.2,0.4,-0.2,6,118,5,1,117,Matches,c40b6180
532,Wout Weghorst,nl NED,FWMF,Manchester Utd,30-276,1992,8.1,132,184,71.7,1553,382,85,111,76.6,25,33,75.8,5,12,41.7,1,1.0,1.0,0.0,12,7,1,0,15,Matches,c4e87b8b
533,Danny Welbeck,eng ENG,FW,Brighton,32-165,1990,18.5,324,389,83.3,3922,774,205,234,87.6,86,100,86.0,5,11,45.5,3,3.3,1.6,-0.3,24,27,12,0,45,Matches,ce5143da
534,Ben White,eng ENG,DF,Arsenal,25-214,1997,30.9,1705,2044,83.4,28488,9721,800,879,91.0,771,886,87.0,103,197,52.3,5,3.1,3.5,+1.9,25,201,39,12,232,Matches,35e413f1
535,Harvey White,eng ENG,MF,Tottenham,21-233,2001,0.1,3,8,37.5,54,21,2,3,66.7,0,2,0.0,1,3,33.3,0,0.0,0.0,0.0,0,0,1,1,0,Matches,4d90ce8c
536,Joseph Whitworth,eng ENG,GK,Crystal Palace,19-070,2004,2.0,61,83,73.5,1486,886,12,12,100.0,36,37,97.3,13,34,38.2,0,0.0,0.0,0.0,0,0,0,0,0,Matches,3f847d95
537,Neco Williams,wls WAL,DF,Nott'ham Forest,22-027,2001,20.9,533,840,63.5,9565,3461,254,307,82.7,196,286,68.5,68,177,38.4,0,1.4,1.2,-1.4,15,29,14,9,33,Matches,dd323728
538,Willian,br BRA,FW,Fulham,34-274,1988,20.8,613,782,78.4,10406,2113,314,366,85.8,207,254,81.5,73,116,62.9,3,3.9,2.1,-0.9,41,39,24,1,99,Matches,8b9ebd03
539,Joe Willock,eng ENG,MF,Newcastle Utd,23-263,1999,26.8,745,912,81.7,11621,2934,419,470,89.1,253,294,86.1,53,81,65.4,6,5.5,4.2,+0.5,34,88,31,8,115,Matches,a3b03921
540,Callum Wilson,eng ENG,FW,Newcastle Utd,31-072,1992,18.1,144,215,67.0,1790,300,99,129,76.7,30,40,75.0,4,10,40.0,4,2.4,1.8,+1.6,19,8,6,0,17,Matches,c596fcb0
541,Harry Wilson,wls WAL,FW,Fulham,26-049,1997,9.8,252,333,75.7,4073,864,134,157,85.4,86,106,81.1,20,39,51.3,2,0.7,0.6,+1.3,10,17,7,0,28,Matches,c6dc9ecd
542,Yoane Wissa,cd COD,FW,Brentford,26-249,1996,15.0,202,293,68.9,2714,527,137,163,84.0,44,67,65.7,10,26,38.5,2,2.3,0.9,-0.3,10,20,8,0,25,Matches,2500cef9
543,Maximilian Wöber,at AUT,DF,Leeds United,25-095,1998,11.4,409,582,70.3,7973,3484,147,187,78.6,217,274,79.2,42,100,42.0,0,0.5,0.3,-0.5,5,51,2,1,46,Matches,4b803b3c
544,Chris Wood,nz NZL,FW,Newcastle Utd,31-154,1991,5.0,66,106,62.3,786,149,40,67,59.7,16,25,64.0,4,5,80.0,0,0.3,0.3,-0.3,3,3,1,0,4,Matches,4e9a0555
545,Chris Wood,nz NZL,FW,Nott'ham Forest,31-154,1991,4.1,43,71,60.6,581,139,26,43,60.5,14,22,63.6,1,2,50.0,0,0.2,0.1,-0.2,3,5,2,0,7,Matches,4e9a0555
546,Joe Worrall,eng ENG,DF,Nott'ham Forest,26-120,1997,21.7,820,1059,77.4,17072,6316,242,295,82.0,442,516,85.7,129,224,57.6,0,0.8,0.6,-0.8,5,69,6,0,62,Matches,a5212312
547,Granit Xhaka,ch SUI,MF,Arsenal,30-225,1992,31.1,1321,1561,84.6,21670,5809,647,729,88.8,524,604,86.8,111,136,81.6,7,5.0,4.0,+2.0,45,142,40,4,192,Matches,e61b8aee
548,Ryan Yates,eng ENG,MF,Nott'ham Forest,25-170,1997,17.5,411,528,77.8,6938,1649,181,219,82.6,187,214,87.4,31,56,55.4,2,1.2,0.4,+0.8,7,26,3,0,41,Matches,c1fe2a48
549,Ashley Young,eng ENG,DF,Aston Villa,37-305,1985,21.2,854,1130,75.6,15191,5890,400,450,88.9,371,459,80.8,74,170,43.5,0,1.0,0.8,-1.0,14,78,18,5,102,Matches,be927d03
550,Illia Zabarnyi,ua UKR,DF,Bournemouth,20-251,2002,0.3,4,5,80.0,120,83,0,0,,2,2,100.0,2,3,66.7,0,0.0,0.0,0.0,0,2,0,0,1,Matches,88968486
551,Wilfried Zaha,ci CIV,FWMF,Crystal Palace,30-181,1992,24.9,472,613,77.0,6606,1491,302,345,87.5,138,174,79.3,18,36,50.0,2,2.6,2.8,-0.6,25,16,40,3,70,Matches,b2bc3b1f
552,Denis Zakaria,ch SUI,MF,Chelsea,26-171,1996,4.6,158,179,88.3,2222,571,90,98,91.8,54,56,96.4,5,6,83.3,0,0.0,0.1,0.0,1,8,0,0,6,Matches,384d58d9
553,Jordan Zemura,zw ZIM,DF,Bournemouth,23-177,1999,16.2,423,594,71.2,6117,3247,242,284,85.2,133,187,71.1,23,55,41.8,1,1.9,2.1,-0.9,18,32,12,5,45,Matches,e8271ad9
554,Oleksandr Zinchenko,ua UKR,DF,Arsenal,26-146,1996,23.5,1652,1911,86.4,27023,7899,808,876,92.2,696,798,87.2,105,148,70.9,2,1.4,2.4,+0.6,19,201,41,4,227,Matches,51cf8561
555,Hakim Ziyech,ma MAR,FWMF,Chelsea,30-052,1993,7.0,234,364,64.3,3832,1455,136,155,87.7,71,116,61.2,23,62,37.1,2,1.8,1.5,+0.2,12,19,17,7,39,Matches,6622454d
556,Kurt Zouma,fr FRA,DF,West Ham,28-195,1994,21.6,689,817,84.3,13323,4383,239,263,90.9,359,401,89.5,79,129,61.2,0,0.1,0.1,-0.1,1,19,2,0,30,Matches,ce4246f5
557,Martin Ødegaard,no NOR,MF,Arsenal,24-144,1998,32.1,1325,1649,80.4,20729,5622,692,792,87.4,473,566,83.6,104,165,63.0,7,7.5,7.3,-0.5,70,128,86,4,247,Matches,79300479